Invoice ID,City,Customer type,Gender,Product line,Date,Payment,gross income,Rating
750-67-8428,Yangon,Member,Female,Health and beauty,2019-01-05,Ewallet,26.1415,9.1
226-31-3081,Naypyidaw,Normal,Female,Electronic accessories,2019-03-08,Cash,3.82,9.6
631-41-3108,Yangon,Normal,Male,Home and lifestyle,2019-03-03,Credit card,16.2155,7.4
123-19-1176,Yangon,Member,Male,Health and beauty,2019-01-27,Ewallet,23.288,8.4
373-73-7910,Yangon,Normal,Male,Sports and travel,2019-02-08,Ewallet,30.2085,5.3
699-14-3026,Naypyidaw,Normal,Male,Electronic accessories,2019-03-25,Ewallet,29.8865,4.1
355-53-5943,Yangon,Member,Female,Electronic accessories,2019-02-25,Ewallet,20.652,5.8
315-22-5665,Naypyidaw,Normal,Female,Home and lifestyle,2019-02-24,Ewallet,36.78,8.0
665-32-9167,Yangon,Member,Female,Health and beauty,2019-01-10,Credit card,3.626,7.2
692-92-5582,Mandalay,Member,Female,Food and beverages,2019-02-20,Credit card,8.226,5.9
351-62-0822,Mandalay,Member,Female,Fashion accessories,2019-02-06,Ewallet,2.896,4.5
529-56-3974,Mandalay,Member,Male,Electronic accessories,2019-03-09,Cash,5.102,6.8
365-64-0515,Yangon,Normal,Female,Electronic accessories,2019-02-12,Ewallet,11.7375,7.1
252-56-2699,Yangon,Normal,Male,Food and beverages,2019-02-07,Ewallet,21.595,8.2
829-34-3910,Yangon,Normal,Female,Health and beauty,2019-03-29,Cash,35.69,5.7
299-46-1805,Mandalay,Member,Female,Sports and travel,2019-01-15,Cash,28.116,4.5
656-95-9349,Yangon,Member,Female,Health and beauty,2019-03-11,Credit card,24.1255,4.6
765-26-6951,Yangon,Normal,Male,Sports and travel,2019-01-01,Credit card,21.783,6.9
329-62-1586,Yangon,Normal,Male,Food and beverages,2019-01-21,Credit card,8.2005,8.6
319-50-3348,Mandalay,Normal,Female,Home and lifestyle,2019-03-11,Ewallet,4.03,4.4
300-71-4605,Naypyidaw,Member,Male,Electronic accessories,2019-02-25,Ewallet,21.51,4.8
371-85-5789,Mandalay,Normal,Male,Health and beauty,2019-03-05,Ewallet,13.197,5.1
273-16-6619,Mandalay,Normal,Male,Home and lifestyle,2019-03-15,Credit card,3.32,4.4
636-48-8204,Yangon,Normal,Male,Electronic accessories,2019-02-17,Ewallet,8.64,9.9
549-59-1358,Yangon,Member,Male,Sports and travel,2019-03-02,Ewallet,13.2945,6.0
227-03-5010,Yangon,Member,Female,Home and lifestyle,2019-03-22,Credit card,21.036,8.5
649-29-6775,Mandalay,Normal,Male,Fashion accessories,2019-02-08,Cash,1.676,6.7
189-17-4241,Yangon,Normal,Female,Fashion accessories,2019-03-10,Credit card,8.767,7.7
145-94-9061,Mandalay,Normal,Female,Food and beverages,2019-01-25,Cash,22.09,9.6
848-62-7243,Yangon,Normal,Male,Health and beauty,2019-03-15,Cash,11.2005,7.4
871-79-8483,Mandalay,Normal,Male,Fashion accessories,2019-02-25,Credit card,23.5325,4.8
149-71-6266,Mandalay,Member,Male,Sports and travel,2019-01-28,Cash,35.1315,4.5
640-49-2076,Mandalay,Normal,Male,Sports and travel,2019-01-10,Cash,33.512,5.1
595-11-5460,Yangon,Normal,Male,Health and beauty,2019-03-15,Credit card,9.658,5.1
183-56-6882,Naypyidaw,Member,Female,Food and beverages,2019-02-06,Ewallet,19.884,7.5
232-16-2483,Naypyidaw,Member,Female,Sports and travel,2019-01-07,Ewallet,3.406,6.8
129-29-8530,Yangon,Member,Male,Sports and travel,2019-03-10,Ewallet,15.655,7.0
272-65-1806,Yangon,Normal,Female,Electronic accessories,2019-01-15,Ewallet,27.396,4.7
333-73-7901,Naypyidaw,Normal,Female,Health and beauty,2019-03-23,Ewallet,21.968,7.6
777-82-7220,Mandalay,Member,Male,Home and lifestyle,2019-03-03,Cash,12.048,7.7
280-35-5823,Mandalay,Member,Female,Home and lifestyle,2019-01-17,Ewallet,4.336,7.9
554-53-8700,Naypyidaw,Member,Male,Home and lifestyle,2019-02-02,Cash,5.611,6.3
354-25-5821,Mandalay,Member,Female,Sports and travel,2019-02-08,Cash,20.736,5.6
228-96-1411,Naypyidaw,Member,Female,Food and beverages,2019-03-04,Cash,39.48,7.6
617-15-4209,Naypyidaw,Member,Male,Health and beauty,2019-03-16,Cash,1.537,7.2
132-32-9879,Mandalay,Member,Female,Electronic accessories,2019-03-09,Cash,18.792,9.5
370-41-7321,Mandalay,Member,Male,Health and beauty,2019-02-27,Credit card,25.5105,8.4
727-46-3608,Mandalay,Member,Female,Food and beverages,2019-02-06,Ewallet,9.0045,4.1
669-54-1719,Mandalay,Member,Male,Electronic accessories,2019-02-10,Credit card,5.679,8.1
574-22-5561,Naypyidaw,Member,Female,Fashion accessories,2019-03-19,Ewallet,41.315,7.9
326-78-5178,Naypyidaw,Member,Male,Food and beverages,2019-02-03,Cash,31.99,9.5
162-48-8011,Yangon,Member,Female,Food and beverages,2019-02-10,Cash,11.1475,8.5
616-24-2851,Mandalay,Member,Female,Fashion accessories,2019-03-22,Ewallet,3.574,6.5
778-71-5554,Naypyidaw,Member,Male,Fashion accessories,2019-01-25,Credit card,0.7715,6.1
242-55-6721,Mandalay,Normal,Male,Home and lifestyle,2019-03-07,Ewallet,1.616,6.5
399-46-5918,Naypyidaw,Normal,Female,Electronic accessories,2019-02-28,Cash,34.392,8.2
106-35-6779,Yangon,Member,Male,Home and lifestyle,2019-03-27,Cash,4.434,5.8
635-40-6220,Yangon,Normal,Male,Health and beauty,2019-02-07,Ewallet,35.84,6.6
817-48-8732,Yangon,Member,Female,Home and lifestyle,2019-01-20,Cash,36.175,5.4
120-06-4233,Naypyidaw,Normal,Male,Electronic accessories,2019-03-12,Cash,9.183,9.3
285-68-5083,Naypyidaw,Member,Female,Sports and travel,2019-02-15,Credit card,3.711,10.0
803-83-5989,Naypyidaw,Normal,Male,Home and lifestyle,2019-02-24,Ewallet,16.719,7.0
347-34-2234,Mandalay,Member,Female,Sports and travel,2019-02-03,Ewallet,24.7815,10.0
199-75-8169,Yangon,Member,Male,Sports and travel,2019-03-06,Credit card,7.905,8.6
853-23-2453,Mandalay,Member,Male,Health and beauty,2019-02-14,Cash,15.148,7.6
877-22-3308,Yangon,Member,Male,Health and beauty,2019-03-13,Cash,7.935,5.8
838-78-4295,Naypyidaw,Normal,Female,Health and beauty,2019-02-10,Ewallet,3.347,6.7
109-28-2512,Mandalay,Member,Female,Fashion accessories,2019-01-07,Ewallet,29.283,9.9
232-11-3025,Yangon,Normal,Male,Sports and travel,2019-01-24,Cash,39.385,6.4
382-03-4532,Yangon,Member,Female,Health and beauty,2019-02-02,Cash,0.9165,4.3
393-65-2792,Naypyidaw,Normal,Male,Food and beverages,2019-01-06,Credit card,44.74,9.6
796-12-2025,Naypyidaw,Normal,Male,Fashion accessories,2019-02-11,Cash,31.06,5.9
510-95-6347,Mandalay,Member,Female,Food and beverages,2019-03-05,Ewallet,7.278,4.0
841-35-6630,Naypyidaw,Normal,Female,Electronic accessories,2019-03-09,Cash,22.773,8.7
287-21-9091,Yangon,Normal,Male,Home and lifestyle,2019-01-22,Ewallet,33.6015,9.4
732-94-0499,Naypyidaw,Normal,Female,Electronic accessories,2019-01-13,Credit card,20.825,5.4
263-10-3913,Naypyidaw,Member,Male,Fashion accessories,2019-01-09,Credit card,22.068,8.6
381-20-0914,Yangon,Member,Female,Fashion accessories,2019-01-12,Credit card,9.0045,5.7
829-49-1914,Naypyidaw,Member,Female,Food and beverages,2019-03-05,Ewallet,39.155,6.6
756-01-7507,Naypyidaw,Normal,Female,Health and beauty,2019-01-22,Cash,5.095,6.0
870-72-4431,Naypyidaw,Normal,Female,Health and beauty,2019-01-21,Credit card,29.757,5.5
847-38-7188,Mandalay,Normal,Female,Food and beverages,2019-01-26,Ewallet,14.502,6.4
480-63-2856,Naypyidaw,Normal,Male,Food and beverages,2019-01-23,Ewallet,7.7,6.6
787-56-0757,Naypyidaw,Member,Female,Food and beverages,2019-02-23,Credit card,16.072,8.3
360-39-5055,Naypyidaw,Member,Male,Sports and travel,2019-03-09,Cash,12.2275,6.6
730-50-9884,Naypyidaw,Normal,Female,Sports and travel,2019-03-05,Ewallet,29.071,4.0
362-58-8315,Naypyidaw,Normal,Male,Fashion accessories,2019-03-25,Cash,19.13,9.9
633-44-8566,Yangon,Member,Male,Food and beverages,2019-03-27,Credit card,17.283,7.3
504-35-8843,Yangon,Normal,Male,Sports and travel,2019-01-02,Cash,2.1235,5.7
318-68-5053,Mandalay,Normal,Female,Health and beauty,2019-02-27,Cash,23.097,6.1
565-80-5980,Naypyidaw,Member,Female,Home and lifestyle,2019-01-23,Cash,9.476,7.1
225-32-0908,Naypyidaw,Normal,Female,Sports and travel,2019-01-26,Ewallet,22.43,8.2
873-51-0671,Yangon,Member,Female,Sports and travel,2019-01-10,Ewallet,7.693,5.1
152-08-9985,Mandalay,Member,Male,Health and beauty,2019-03-12,Credit card,28.962,8.6
512-91-0811,Naypyidaw,Normal,Male,Health and beauty,2019-02-06,Credit card,4.4875,6.6
594-34-4444,Yangon,Normal,Male,Electronic accessories,2019-03-08,Ewallet,4.858,7.2
766-85-7061,Mandalay,Normal,Male,Health and beauty,2019-03-29,Ewallet,43.935,5.1
871-39-9221,Naypyidaw,Normal,Female,Electronic accessories,2019-02-09,Cash,3.735,4.1
865-92-6136,Yangon,Normal,Male,Food and beverages,2019-03-23,Ewallet,7.9125,9.3
733-01-9107,Mandalay,Normal,Male,Home and lifestyle,2019-03-05,Cash,24.81,7.4
163-56-7055,Naypyidaw,Member,Male,Fashion accessories,2019-03-26,Cash,2.4355,4.1
189-98-2939,Naypyidaw,Normal,Male,Fashion accessories,2019-03-01,Cash,35.3475,7.2
551-21-3069,Naypyidaw,Normal,Female,Electronic accessories,2019-02-01,Cash,10.3815,4.9
212-62-1842,Yangon,Normal,Male,Food and beverages,2019-03-28,Cash,17.478,9.9
716-39-1409,Mandalay,Normal,Male,Health and beauty,2019-03-19,Cash,10.6225,8.0
704-48-3927,Yangon,Member,Male,Electronic accessories,2019-01-12,Ewallet,44.335,7.3
628-34-3388,Naypyidaw,Normal,Male,Fashion accessories,2019-01-05,Credit card,8.214,7.9
630-74-5166,Yangon,Normal,Male,Sports and travel,2019-03-22,Cash,18.639,7.4
588-01-7461,Naypyidaw,Normal,Female,Food and beverages,2019-03-24,Cash,15.291,4.2
861-77-0145,Naypyidaw,Member,Male,Electronic accessories,2019-03-03,Cash,40.985,9.2
479-26-8945,Mandalay,Member,Female,Sports and travel,2019-02-05,Ewallet,1.649,4.6
210-67-5886,Naypyidaw,Member,Female,Health and beauty,2019-02-05,Credit card,14.7315,7.8
227-78-1148,Mandalay,Normal,Female,Fashion accessories,2019-02-15,Cash,25.494,8.4
645-44-1170,Yangon,Member,Male,Home and lifestyle,2019-01-19,Ewallet,26.1315,4.3
237-01-6122,Naypyidaw,Member,Female,Home and lifestyle,2019-02-01,Credit card,36.3555,9.5
225-98-1496,Naypyidaw,Normal,Female,Fashion accessories,2019-03-02,Credit card,4.053,7.1
291-32-1427,Mandalay,Member,Male,Fashion accessories,2019-03-05,Ewallet,5.485,5.3
659-65-8956,Mandalay,Member,Male,Fashion accessories,2019-01-16,Ewallet,2.568,5.2
642-32-2990,Yangon,Normal,Female,Food and beverages,2019-02-02,Ewallet,5.48,6.0
378-24-2715,Mandalay,Normal,Male,Home and lifestyle,2019-01-20,Ewallet,5.344,4.1
638-60-7125,Yangon,Normal,Female,Electronic accessories,2019-02-14,Credit card,39.824,5.2
659-36-1684,Naypyidaw,Member,Male,Sports and travel,2019-01-12,Credit card,19.992,6.5
219-22-9386,Mandalay,Member,Male,Sports and travel,2019-03-09,Credit card,44.982,4.2
336-78-2147,Naypyidaw,Member,Male,Home and lifestyle,2019-03-13,Credit card,25.564,4.6
268-27-6179,Mandalay,Member,Female,Fashion accessories,2019-03-09,Ewallet,22.588,7.3
668-90-8900,Yangon,Normal,Female,Home and lifestyle,2019-03-10,Credit card,32.7915,4.5
870-54-3162,Yangon,Normal,Female,Sports and travel,2019-01-27,Cash,8.0625,9.0
189-08-9157,Naypyidaw,Normal,Female,Fashion accessories,2019-01-08,Credit card,14.2785,5.9
663-86-9076,Naypyidaw,Member,Female,Food and beverages,2019-01-08,Ewallet,27.416,8.5
549-84-7482,Mandalay,Normal,Female,Sports and travel,2019-02-08,Ewallet,40.626,7.2
191-10-6171,Mandalay,Normal,Female,Fashion accessories,2019-01-25,Cash,13.867,7.5
802-70-5316,Yangon,Member,Female,Sports and travel,2019-03-06,Cash,27.639,8.3
695-51-0018,Mandalay,Normal,Female,Sports and travel,2019-02-10,Cash,6.968,7.4
590-83-4591,Mandalay,Member,Male,Electronic accessories,2019-02-17,Credit card,26.235,8.8
483-71-1164,Naypyidaw,Normal,Female,Health and beauty,2019-03-08,Ewallet,24.39,5.3
597-78-7908,Naypyidaw,Normal,Male,Fashion accessories,2019-02-18,Cash,13.533,6.2
700-81-1757,Yangon,Normal,Female,Electronic accessories,2019-01-18,Credit card,6.5775,8.8
354-39-5160,Yangon,Member,Female,Home and lifestyle,2019-02-18,Cash,10.326,9.8
241-72-9525,Mandalay,Normal,Male,Sports and travel,2019-02-16,Cash,25.955,8.2
575-30-8091,Yangon,Normal,Male,Sports and travel,2019-03-16,Ewallet,29.0,9.2
731-81-9469,Naypyidaw,Member,Female,Sports and travel,2019-01-23,Credit card,44.9,5.4
280-17-4359,Naypyidaw,Member,Male,Health and beauty,2019-01-25,Cash,45.25,8.1
338-65-2210,Naypyidaw,Member,Female,Health and beauty,2019-02-05,Cash,34.3,9.1
488-25-4221,Naypyidaw,Member,Female,Food and beverages,2019-02-22,Credit card,1.5205,8.4
239-10-7476,Yangon,Normal,Female,Home and lifestyle,2019-01-21,Ewallet,23.385,8.0
458-41-1477,Naypyidaw,Normal,Female,Health and beauty,2019-03-08,Credit card,13.878,9.5
685-64-1609,Yangon,Member,Female,Fashion accessories,2019-02-10,Ewallet,15.07,9.2
568-90-5112,Naypyidaw,Normal,Male,Health and beauty,2019-03-19,Credit card,13.228,5.6
262-47-2794,Mandalay,Member,Male,Home and lifestyle,2019-03-06,Credit card,28.744,6.2
238-49-0436,Yangon,Normal,Male,Health and beauty,2019-03-27,Credit card,12.984,4.9
608-96-3517,Mandalay,Member,Female,Fashion accessories,2019-03-23,Credit card,18.308,4.8
584-86-7256,Naypyidaw,Member,Male,Sports and travel,2019-03-11,Credit card,12.096,7.3
746-94-0204,Yangon,Normal,Male,Fashion accessories,2019-01-29,Credit card,37.458,7.4
214-17-6927,Naypyidaw,Normal,Female,Food and beverages,2019-02-07,Ewallet,4.944,9.9
400-89-4171,Naypyidaw,Normal,Female,Sports and travel,2019-01-28,Cash,32.388,9.3
782-95-9291,Yangon,Member,Male,Food and beverages,2019-02-20,Credit card,23.0725,9.0
279-74-2924,Mandalay,Member,Male,Electronic accessories,2019-01-04,Cash,3.6085,6.1
307-85-2293,Mandalay,Normal,Male,Home and lifestyle,2019-03-07,Ewallet,12.57,9.7
743-04-1105,Mandalay,Member,Male,Health and beauty,2019-03-30,Ewallet,43.749,6.0
423-57-2993,Mandalay,Normal,Male,Sports and travel,2019-03-27,Ewallet,28.017,10.0
894-41-5205,Naypyidaw,Normal,Female,Food and beverages,2019-01-19,Credit card,17.272,8.3
275-28-0149,Yangon,Normal,Male,Sports and travel,2019-02-25,Cash,3.1845,6.0
101-17-6199,Yangon,Normal,Male,Food and beverages,2019-03-13,Credit card,16.0265,7.0
423-80-0988,Naypyidaw,Normal,Male,Sports and travel,2019-01-30,Ewallet,7.64,6.5
548-46-9322,Mandalay,Normal,Male,Food and beverages,2019-02-20,Credit card,19.95,5.9
505-02-0892,Mandalay,Member,Male,Health and beauty,2019-02-25,Ewallet,17.028,5.6
234-65-2137,Naypyidaw,Normal,Male,Home and lifestyle,2019-01-16,Cash,47.79,4.8
687-47-8271,Yangon,Normal,Male,Fashion accessories,2019-02-08,Credit card,49.49,8.7
796-32-9050,Yangon,Normal,Male,Food and beverages,2019-01-19,Cash,15.384,6.5
105-31-1824,Yangon,Member,Male,Sports and travel,2019-02-01,Credit card,24.332,8.5
249-42-3782,Yangon,Normal,Male,Health and beauty,2019-01-03,Ewallet,17.5025,5.5
316-55-4634,Mandalay,Member,Male,Food and beverages,2019-01-26,Credit card,20.0125,9.4
733-33-4967,Naypyidaw,Normal,Male,Electronic accessories,2019-03-03,Cash,8.34,6.3
608-27-6295,Mandalay,Member,Male,Electronic accessories,2019-01-19,Credit card,15.867,9.8
414-12-7047,Mandalay,Normal,Male,Food and beverages,2019-01-18,Ewallet,7.916,8.7
827-26-2100,Yangon,Member,Male,Home and lifestyle,2019-03-21,Ewallet,15.228,8.8
175-54-2529,Yangon,Member,Male,Food and beverages,2019-03-03,Credit card,8.868,9.6
139-52-2867,Naypyidaw,Normal,Female,Fashion accessories,2019-02-13,Credit card,7.8785,4.8
407-63-8975,Yangon,Normal,Male,Food and beverages,2019-03-23,Ewallet,22.164,4.4
342-65-4817,Naypyidaw,Member,Male,Health and beauty,2019-01-28,Ewallet,13.02,9.9
130-98-8941,Naypyidaw,Normal,Male,Fashion accessories,2019-02-09,Cash,22.491,5.7
434-83-9547,Naypyidaw,Member,Male,Food and beverages,2019-01-23,Cash,15.388,7.7
851-28-6367,Yangon,Member,Male,Sports and travel,2019-03-23,Ewallet,7.75,8.0
824-88-3614,Naypyidaw,Normal,Male,Health and beauty,2019-01-25,Ewallet,13.724,5.7
586-25-0848,Yangon,Normal,Female,Sports and travel,2019-03-04,Credit card,4.319,6.7
895-66-0685,Mandalay,Member,Male,Food and beverages,2019-03-05,Ewallet,2.712,8.0
305-14-0245,Mandalay,Member,Female,Home and lifestyle,2019-03-03,Ewallet,37.796,7.5
732-04-5373,Mandalay,Member,Male,Home and lifestyle,2019-02-08,Cash,9.294,7.0
400-60-7251,Yangon,Normal,Male,Home and lifestyle,2019-02-10,Ewallet,3.7035,9.9
593-65-1552,Naypyidaw,Normal,Female,Home and lifestyle,2019-01-28,Credit card,13.962,5.9
284-34-9626,Mandalay,Normal,Female,Home and lifestyle,2019-02-11,Credit card,11.556,7.2
437-58-8131,Mandalay,Normal,Female,Fashion accessories,2019-01-15,Ewallet,7.352,4.6
286-43-6208,Naypyidaw,Normal,Female,Food and beverages,2019-03-16,Cash,39.51,9.2
641-43-2399,Mandalay,Normal,Male,Home and lifestyle,2019-01-26,Ewallet,5.11,5.7
831-07-6050,Yangon,Normal,Male,Electronic accessories,2019-03-19,Credit card,8.1775,9.9
556-86-3144,Naypyidaw,Member,Female,Fashion accessories,2019-01-13,Cash,3.7145,5.0
848-24-9445,Naypyidaw,Member,Male,Health and beauty,2019-03-26,Cash,4.37,4.9
856-22-8149,Yangon,Normal,Female,Home and lifestyle,2019-03-23,Ewallet,1.2645,6.1
699-01-4164,Naypyidaw,Normal,Male,Health and beauty,2019-03-12,Credit card,8.3,8.2
420-11-4919,Naypyidaw,Member,Female,Food and beverages,2019-02-17,Credit card,17.8475,5.5
606-80-4905,Naypyidaw,Member,Female,Sports and travel,2019-01-29,Credit card,5.745,6.8
542-41-0513,Mandalay,Member,Female,Electronic accessories,2019-03-15,Cash,11.498,6.6
426-39-2418,Naypyidaw,Normal,Male,Electronic accessories,2019-01-14,Cash,21.4935,9.8
875-46-5808,Mandalay,Member,Male,Health and beauty,2019-02-06,Ewallet,12.95,8.7
394-43-4238,Mandalay,Member,Male,Home and lifestyle,2019-02-15,Credit card,4.4425,5.4
749-24-1565,Yangon,Normal,Female,Health and beauty,2019-01-03,Ewallet,10.3635,7.9
672-51-8681,Naypyidaw,Member,Female,Electronic accessories,2019-01-04,Credit card,29.9925,9.7
263-87-5680,Naypyidaw,Member,Female,Home and lifestyle,2019-03-18,Ewallet,14.265,7.8
573-58-9734,Mandalay,Normal,Female,Fashion accessories,2019-03-28,Ewallet,4.5555,5.1
817-69-8206,Mandalay,Normal,Female,Electronic accessories,2019-03-02,Credit card,44.8785,6.5
888-02-0338,Yangon,Normal,Male,Electronic accessories,2019-01-25,Ewallet,11.8035,5.9
677-11-0152,Naypyidaw,Normal,Female,Food and beverages,2019-01-16,Cash,41.967,8.8
142-63-6033,Mandalay,Normal,Male,Home and lifestyle,2019-03-20,Ewallet,23.09,4.9
656-16-1063,Mandalay,Normal,Male,Sports and travel,2019-01-04,Credit card,6.963,4.4
891-58-8335,Mandalay,Member,Female,Sports and travel,2019-03-11,Cash,10.3635,6.5
802-43-8934,Yangon,Normal,Male,Home and lifestyle,2019-03-22,Credit card,0.914,8.3
560-30-5617,Mandalay,Normal,Female,Sports and travel,2019-03-24,Cash,6.1925,8.5
319-74-2561,Yangon,Member,Female,Electronic accessories,2019-02-21,Cash,14.196,5.5
549-03-9315,Mandalay,Normal,Male,Fashion accessories,2019-02-12,Ewallet,37.948,8.7
790-29-1172,Mandalay,Normal,Female,Food and beverages,2019-03-10,Credit card,8.601,7.9
239-36-3640,Mandalay,Normal,Male,Electronic accessories,2019-01-31,Ewallet,13.605,6.1
468-01-2051,Mandalay,Normal,Male,Food and beverages,2019-03-06,Ewallet,21.728,5.4
389-25-3394,Naypyidaw,Normal,Male,Electronic accessories,2019-02-17,Cash,2.9525,9.4
279-62-1445,Naypyidaw,Member,Female,Fashion accessories,2019-02-21,Cash,0.627,8.2
213-72-6612,Yangon,Normal,Male,Food and beverages,2019-03-20,Cash,4.325,6.2
746-68-6593,Naypyidaw,Member,Female,Sports and travel,2019-01-11,Credit card,8.716,9.7
836-82-5858,Mandalay,Member,Male,Health and beauty,2019-01-26,Ewallet,31.2165,4.0
583-72-1480,Naypyidaw,Member,Male,Electronic accessories,2019-01-31,Ewallet,7.412,9.7
466-61-5506,Mandalay,Member,Female,Electronic accessories,2019-02-26,Cash,27.21,5.3
721-86-6247,Yangon,Normal,Female,Home and lifestyle,2019-03-11,Ewallet,25.368,7.4
289-65-5721,Mandalay,Normal,Female,Fashion accessories,2019-01-26,Cash,8.137,6.5
545-46-3100,Mandalay,Member,Female,Electronic accessories,2019-03-12,Credit card,1.5885,8.7
418-02-5978,Mandalay,Normal,Female,Health and beauty,2019-02-11,Cash,37.8405,8.0
269-04-5750,Mandalay,Member,Male,Fashion accessories,2019-02-21,Cash,14.764,6.7
157-13-5295,Yangon,Member,Male,Health and beauty,2019-03-09,Ewallet,25.97,6.5
645-78-8093,Yangon,Normal,Female,Sports and travel,2019-01-20,Ewallet,9.314,4.1
211-30-9270,Naypyidaw,Normal,Male,Health and beauty,2019-01-28,Credit card,4.3525,4.9
755-12-3214,Naypyidaw,Member,Female,Fashion accessories,2019-03-05,Credit card,11.055,8.6
346-84-3103,Mandalay,Member,Female,Electronic accessories,2019-03-02,Cash,3.305,4.3
478-06-7835,Yangon,Normal,Male,Fashion accessories,2019-01-11,Ewallet,4.4845,4.9
540-11-4336,Yangon,Normal,Male,Food and beverages,2019-01-11,Credit card,11.223,5.6
448-81-5016,Yangon,Normal,Male,Health and beauty,2019-03-11,Credit card,5.977,5.8
142-72-4741,Naypyidaw,Member,Male,Fashion accessories,2019-02-28,Credit card,9.32,6.0
217-58-1179,Yangon,Member,Male,Home and lifestyle,2019-01-05,Cash,12.53,4.2
376-02-8238,Mandalay,Normal,Male,Home and lifestyle,2019-02-02,Credit card,37.548,8.3
530-90-9855,Yangon,Member,Male,Home and lifestyle,2019-01-01,Cash,19.036,5.7
866-05-7563,Mandalay,Member,Female,Electronic accessories,2019-02-09,Cash,12.21,4.8
604-70-6476,Yangon,Member,Male,Fashion accessories,2019-01-23,Ewallet,4.485,6.8
799-71-1548,Yangon,Member,Male,Electronic accessories,2019-01-07,Credit card,15.544,8.8
785-13-7708,Mandalay,Normal,Male,Food and beverages,2019-01-14,Credit card,25.571,4.2
845-51-0542,Mandalay,Member,Male,Food and beverages,2019-02-02,Ewallet,20.9475,6.4
662-47-5456,Naypyidaw,Member,Male,Fashion accessories,2019-03-17,Credit card,17.595,8.4
883-17-4236,Naypyidaw,Normal,Female,Sports and travel,2019-03-02,Credit card,1.439,7.2
290-68-2984,Yangon,Normal,Male,Home and lifestyle,2019-03-16,Cash,4.75,5.2
704-11-6354,Yangon,Member,Male,Home and lifestyle,2019-01-06,Cash,23.56,8.9
110-48-7033,Mandalay,Member,Male,Fashion accessories,2019-01-29,Cash,6.524,9.0
366-93-0948,Yangon,Member,Male,Electronic accessories,2019-01-31,Credit card,3.3175,9.7
729-09-9681,Yangon,Member,Male,Home and lifestyle,2019-02-05,Ewallet,7.773,8.7
151-16-1484,Yangon,Member,Male,Electronic accessories,2019-02-13,Ewallet,6.45,6.5
380-94-4661,Naypyidaw,Member,Male,Electronic accessories,2019-02-07,Credit card,13.188,6.9
850-41-9669,Yangon,Normal,Female,Electronic accessories,2019-03-19,Ewallet,33.777,6.2
821-07-3596,Naypyidaw,Normal,Female,Fashion accessories,2019-03-07,Ewallet,3.29,5.6
655-85-5130,Mandalay,Member,Female,Fashion accessories,2019-03-13,Cash,7.66,5.7
447-15-7839,Yangon,Member,Female,Sports and travel,2019-02-09,Cash,11.12,4.2
154-74-7179,Mandalay,Normal,Male,Sports and travel,2019-02-26,Ewallet,2.7225,7.9
253-12-6086,Yangon,Member,Female,Sports and travel,2019-03-12,Credit card,34.44,8.7
808-65-0703,Naypyidaw,Normal,Male,Home and lifestyle,2019-03-14,Credit card,7.094,6.9
571-94-0759,Mandalay,Member,Female,Food and beverages,2019-01-08,Cash,37.3,9.5
144-51-6085,Yangon,Member,Male,Home and lifestyle,2019-01-05,Credit card,14.148,4.4
731-14-2199,Yangon,Member,Female,Home and lifestyle,2019-01-04,Ewallet,17.77,7.0
783-09-1637,Mandalay,Normal,Female,Sports and travel,2019-03-06,Ewallet,16.8575,6.3
687-15-1097,Naypyidaw,Member,Female,Health and beauty,2019-01-03,Cash,2.112,9.7
126-54-1082,Yangon,Member,Female,Home and lifestyle,2019-01-07,Credit card,9.693,8.8
633-91-1052,Yangon,Normal,Female,Home and lifestyle,2019-01-27,Cash,1.203,5.1
477-24-6490,Mandalay,Normal,Female,Health and beauty,2019-02-26,Ewallet,29.913,7.9
566-19-5475,Mandalay,Normal,Male,Fashion accessories,2019-01-07,Cash,16.7895,6.2
526-86-8552,Naypyidaw,Member,Female,Home and lifestyle,2019-01-07,Cash,10.91,7.1
376-56-3573,Naypyidaw,Normal,Female,Fashion accessories,2019-02-02,Ewallet,19.084,6.4
537-72-0426,Naypyidaw,Member,Male,Fashion accessories,2019-03-20,Cash,35.495,5.7
828-61-5674,Yangon,Member,Male,Sports and travel,2019-03-20,Credit card,22.01,9.6
136-08-6195,Yangon,Normal,Female,Home and lifestyle,2019-02-15,Credit card,27.984,6.4
523-38-0215,Naypyidaw,Normal,Male,Home and lifestyle,2019-03-06,Credit card,1.85,7.9
490-29-1201,Yangon,Normal,Female,Sports and travel,2019-01-06,Cash,0.767,6.5
667-92-0055,Yangon,Member,Male,Health and beauty,2019-03-04,Ewallet,29.949,8.5
565-17-3836,Yangon,Member,Female,Health and beauty,2019-03-12,Cash,9.534,9.1
498-41-1961,Mandalay,Normal,Male,Health and beauty,2019-02-20,Cash,16.67,7.6
593-95-4461,Naypyidaw,Member,Male,Home and lifestyle,2019-03-24,Cash,3.743,6.9
226-71-3580,Naypyidaw,Normal,Female,Sports and travel,2019-01-31,Cash,10.6875,9.5
283-79-9594,Mandalay,Normal,Female,Food and beverages,2019-01-25,Credit card,16.9785,5.2
430-60-3493,Yangon,Member,Female,Home and lifestyle,2019-02-03,Cash,33.208,4.2
139-20-0155,Mandalay,Member,Male,Electronic accessories,2019-01-24,Credit card,20.15,7.0
558-80-4082,Naypyidaw,Normal,Male,Electronic accessories,2019-03-14,Ewallet,9.7475,6.0
278-97-7759,Yangon,Member,Female,Electronic accessories,2019-02-18,Cash,3.124,4.7
316-68-6352,Yangon,Member,Female,Food and beverages,2019-01-21,Cash,3.636,7.1
585-03-5943,Mandalay,Normal,Male,Health and beauty,2019-03-13,Ewallet,9.055,5.9
211-05-0490,Naypyidaw,Member,Female,Electronic accessories,2019-03-03,Cash,12.98,7.5
727-75-6477,Naypyidaw,Normal,Male,Electronic accessories,2019-03-29,Cash,5.768,6.4
744-02-5987,Yangon,Member,Male,Home and lifestyle,2019-01-10,Ewallet,23.514,5.8
307-83-9164,Yangon,Member,Male,Home and lifestyle,2019-01-25,Cash,12.002,4.5
779-06-0012,Naypyidaw,Member,Female,Home and lifestyle,2019-01-19,Cash,4.4305,7.7
446-47-6729,Naypyidaw,Normal,Male,Fashion accessories,2019-01-02,Credit card,9.982,6.7
573-10-3877,Mandalay,Member,Male,Health and beauty,2019-03-12,Credit card,1.9505,4.7
735-06-4124,Naypyidaw,Normal,Male,Food and beverages,2019-02-25,Cash,2.4305,4.4
439-54-7422,Yangon,Normal,Female,Electronic accessories,2019-03-18,Credit card,10.238,4.7
396-90-2219,Mandalay,Normal,Female,Electronic accessories,2019-02-23,Cash,5.984,8.6
411-77-0180,Yangon,Member,Male,Electronic accessories,2019-03-26,Ewallet,25.27,4.3
286-01-5402,Yangon,Normal,Female,Sports and travel,2019-03-30,Cash,14.0805,9.6
803-17-8013,Yangon,Member,Female,Home and lifestyle,2019-02-17,Cash,35.516,4.1
512-98-1403,Yangon,Member,Female,Electronic accessories,2019-03-21,Ewallet,3.972,4.7
848-42-2560,Yangon,Normal,Female,Fashion accessories,2019-03-05,Cash,8.191,7.8
532-59-7201,Mandalay,Member,Male,Sports and travel,2019-01-31,Cash,23.979,5.5
181-94-6432,Naypyidaw,Member,Male,Fashion accessories,2019-02-05,Ewallet,6.933,9.7
870-76-1733,Yangon,Member,Female,Food and beverages,2019-02-01,Credit card,3.5575,4.4
423-64-4619,Yangon,Member,Female,Health and beauty,2019-03-07,Cash,6.9975,5.0
227-07-4446,Naypyidaw,Member,Female,Electronic accessories,2019-02-10,Cash,39.065,4.4
174-36-3675,Naypyidaw,Member,Male,Food and beverages,2019-02-14,Cash,9.937,5.2
428-83-5800,Naypyidaw,Member,Female,Food and beverages,2019-02-09,Cash,3.162,7.3
603-07-0961,Naypyidaw,Member,Male,Electronic accessories,2019-01-10,Cash,18.6975,4.9
704-20-4138,Naypyidaw,Member,Female,Health and beauty,2019-03-11,Credit card,10.3845,8.1
787-15-1757,Naypyidaw,Member,Male,Health and beauty,2019-02-18,Ewallet,8.814,8.4
649-11-3678,Naypyidaw,Normal,Female,Food and beverages,2019-02-26,Cash,10.3185,5.5
622-20-1945,Naypyidaw,Normal,Female,Health and beauty,2019-01-18,Cash,1.971,8.4
372-94-8041,Yangon,Normal,Male,Health and beauty,2019-02-15,Ewallet,4.578,9.8
563-91-7120,Yangon,Normal,Female,Fashion accessories,2019-03-08,Cash,15.4425,6.7
746-54-5508,Yangon,Normal,Male,Home and lifestyle,2019-01-17,Credit card,6.456,9.4
276-54-0879,Mandalay,Normal,Male,Sports and travel,2019-03-12,Ewallet,19.548,6.4
815-11-1168,Yangon,Member,Male,Food and beverages,2019-03-09,Cash,24.945,5.4
719-76-3868,Naypyidaw,Member,Male,Food and beverages,2019-03-12,Cash,18.852,8.6
730-61-8757,Mandalay,Member,Male,Health and beauty,2019-01-25,Credit card,10.226,4.0
340-66-0321,Yangon,Member,Male,Electronic accessories,2019-03-25,Cash,7.272,7.6
868-81-1752,Mandalay,Normal,Male,Home and lifestyle,2019-02-07,Cash,9.909,6.8
634-97-8956,Yangon,Normal,Male,Food and beverages,2019-02-17,Credit card,4.935,9.1
566-71-1091,Yangon,Normal,Male,Fashion accessories,2019-02-03,Cash,19.255,5.5
442-48-3607,Yangon,Member,Male,Food and beverages,2019-03-14,Credit card,2.348,7.9
835-16-0096,Naypyidaw,Member,Male,Sports and travel,2019-03-24,Ewallet,3.675,8.5
527-09-6272,Yangon,Member,Female,Electronic accessories,2019-03-21,Credit card,7.1125,9.1
898-04-2717,Yangon,Normal,Male,Fashion accessories,2019-03-19,Ewallet,34.38,7.5
692-27-8933,Mandalay,Normal,Female,Sports and travel,2019-02-24,Cash,17.385,5.2
633-09-3463,Naypyidaw,Normal,Female,Electronic accessories,2019-03-28,Credit card,7.1475,9.5
374-17-3652,Mandalay,Member,Female,Food and beverages,2019-02-05,Credit card,19.269,8.9
378-07-7001,Mandalay,Member,Male,Electronic accessories,2019-02-10,Credit card,7.2135,7.8
433-75-6987,Mandalay,Member,Female,Health and beauty,2019-03-05,Ewallet,19.5895,8.9
873-95-4984,Mandalay,Member,Female,Health and beauty,2019-02-15,Cash,26.915,7.7
416-13-5917,Naypyidaw,Normal,Female,Food and beverages,2019-01-30,Ewallet,24.2575,9.3
150-89-8043,Yangon,Normal,Male,Sports and travel,2019-02-14,Cash,6.6975,6.2
135-84-8019,Yangon,Normal,Female,Fashion accessories,2019-02-27,Ewallet,35.0685,7.6
441-94-7118,Yangon,Member,Male,Electronic accessories,2019-02-04,Cash,3.5975,7.3
725-96-3778,Naypyidaw,Member,Female,Home and lifestyle,2019-01-20,Cash,35.7,4.7
531-80-1784,Yangon,Normal,Male,Electronic accessories,2019-03-28,Cash,9.107,5.1
400-45-1220,Mandalay,Normal,Female,Health and beauty,2019-02-27,Credit card,6.75,4.8
860-79-0874,Naypyidaw,Member,Female,Fashion accessories,2019-02-15,Credit card,49.65,6.6
834-61-8124,Yangon,Normal,Male,Electronic accessories,2019-01-26,Cash,18.0915,5.5
115-99-4379,Mandalay,Member,Female,Fashion accessories,2019-03-14,Credit card,19.1555,8.5
565-67-6697,Mandalay,Member,Male,Home and lifestyle,2019-03-02,Cash,12.15,4.8
320-49-6392,Naypyidaw,Normal,Female,Electronic accessories,2019-03-04,Cash,1.512,8.4
889-04-9723,Mandalay,Member,Female,Food and beverages,2019-01-07,Credit card,17.828,7.8
632-90-0281,Naypyidaw,Normal,Female,Fashion accessories,2019-03-08,Credit card,18.775,9.3
554-42-2417,Naypyidaw,Normal,Female,Sports and travel,2019-01-09,Cash,47.72,5.2
453-63-6187,Mandalay,Normal,Male,Electronic accessories,2019-03-01,Ewallet,4.125,6.5
578-80-7669,Mandalay,Normal,Male,Sports and travel,2019-03-16,Cash,3.7485,5.6
612-36-5536,Yangon,Member,Male,Food and beverages,2019-02-17,Credit card,32.384,7.4
605-72-4132,Naypyidaw,Normal,Female,Food and beverages,2019-02-27,Cash,37.788,9.1
471-41-2823,Naypyidaw,Normal,Male,Food and beverages,2019-03-07,Ewallet,9.979,8.0
462-67-9126,Yangon,Normal,Male,Home and lifestyle,2019-01-21,Cash,21.966,7.2
272-27-9238,Naypyidaw,Normal,Female,Food and beverages,2019-02-19,Cash,8.248,7.1
834-25-9262,Naypyidaw,Normal,Female,Fashion accessories,2019-01-06,Cash,16.336,9.1
122-61-9553,Naypyidaw,Normal,Female,Electronic accessories,2019-03-14,Cash,23.094,5.6
468-88-0009,Yangon,Member,Male,Home and lifestyle,2019-03-24,Cash,13.188,6.0
613-59-9758,Naypyidaw,Normal,Female,Sports and travel,2019-01-27,Cash,7.18,5.4
254-31-0042,Yangon,Member,Male,Electronic accessories,2019-03-06,Credit card,9.675,7.8
201-86-2184,Mandalay,Member,Female,Electronic accessories,2019-02-02,Cash,9.191,9.9
261-12-8671,Mandalay,Normal,Female,Fashion accessories,2019-01-25,Credit card,6.096,4.9
730-70-9830,Naypyidaw,Normal,Female,Home and lifestyle,2019-03-14,Ewallet,21.033,5.2
382-25-8917,Naypyidaw,Normal,Male,Fashion accessories,2019-01-29,Cash,12.624,8.9
422-29-8786,Yangon,Normal,Female,Home and lifestyle,2019-01-03,Credit card,16.7725,9.1
667-23-5919,Yangon,Member,Female,Fashion accessories,2019-01-14,Ewallet,24.175,7.0
843-01-4703,Mandalay,Member,Female,Home and lifestyle,2019-01-05,Credit card,15.921,9.6
743-88-1662,Naypyidaw,Normal,Male,Sports and travel,2019-02-22,Ewallet,33.4215,8.7
595-86-2894,Naypyidaw,Member,Male,Fashion accessories,2019-02-06,Ewallet,19.396,9.4
182-69-8360,Mandalay,Normal,Female,Electronic accessories,2019-01-30,Credit card,4.73,4.0
289-15-7034,Yangon,Member,Male,Sports and travel,2019-01-11,Credit card,16.466,7.5
462-78-5240,Naypyidaw,Normal,Female,Electronic accessories,2019-03-19,Cash,2.661,4.2
868-52-7573,Mandalay,Normal,Female,Food and beverages,2019-01-14,Cash,24.9225,9.9
153-58-4872,Naypyidaw,Member,Female,Food and beverages,2019-03-01,Ewallet,14.978,4.2
662-72-2873,Yangon,Normal,Female,Food and beverages,2019-01-06,Ewallet,10.235,9.9
525-88-7307,Mandalay,Member,Male,Sports and travel,2019-01-31,Cash,3.791,5.8
689-16-9784,Naypyidaw,Normal,Male,Food and beverages,2019-03-11,Cash,14.031,6.0
725-56-0833,Yangon,Normal,Female,Health and beauty,2019-02-20,Credit card,16.16,10.0
394-41-0748,Naypyidaw,Member,Female,Fashion accessories,2019-01-27,Ewallet,24.3315,9.5
596-42-3999,Mandalay,Normal,Male,Food and beverages,2019-03-10,Credit card,6.377,6.6
541-89-9860,Naypyidaw,Member,Female,Fashion accessories,2019-02-15,Cash,12.072,8.1
173-82-9529,Mandalay,Normal,Female,Fashion accessories,2019-01-26,Cash,18.975,9.7
563-36-9814,Yangon,Member,Male,Electronic accessories,2019-02-13,Ewallet,3.841,7.2
308-47-4913,Yangon,Member,Female,Sports and travel,2019-03-09,Credit card,26.13,6.2
885-17-6250,Yangon,Normal,Female,Health and beauty,2019-03-06,Ewallet,3.987,7.3
726-27-2396,Yangon,Normal,Female,Health and beauty,2019-01-24,Ewallet,19.375,4.3
316-01-3952,Yangon,Normal,Female,Food and beverages,2019-03-13,Ewallet,13.5675,4.6
760-54-1821,Mandalay,Normal,Male,Home and lifestyle,2019-03-15,Cash,6.1155,5.8
793-10-3222,Mandalay,Member,Female,Health and beauty,2019-03-05,Credit card,12.318,8.3
346-12-3257,Mandalay,Member,Male,Electronic accessories,2019-03-04,Cash,8.658,8.0
110-05-6330,Naypyidaw,Normal,Female,Food and beverages,2019-03-25,Credit card,11.829,9.4
651-61-0874,Naypyidaw,Normal,Male,Home and lifestyle,2019-03-12,Credit card,9.244,6.2
236-86-3015,Naypyidaw,Member,Male,Home and lifestyle,2019-02-04,Ewallet,0.699,9.8
831-64-0259,Mandalay,Normal,Female,Fashion accessories,2019-02-22,Ewallet,9.9375,9.6
587-03-7455,Naypyidaw,Member,Female,Fashion accessories,2019-02-16,Ewallet,34.2265,4.9
882-40-4577,Yangon,Member,Male,Sports and travel,2019-01-19,Credit card,13.452,8.0
732-67-5346,Yangon,Normal,Male,Food and beverages,2019-01-11,Credit card,3.4475,7.8
725-32-9708,Mandalay,Member,Female,Fashion accessories,2019-01-04,Cash,13.742,4.1
256-08-8343,Yangon,Normal,Female,Home and lifestyle,2019-03-04,Ewallet,11.306,5.5
372-26-1506,Naypyidaw,Normal,Female,Fashion accessories,2019-01-28,Ewallet,5.955,5.4
244-08-0162,Mandalay,Normal,Female,Health and beauty,2019-01-02,Cash,17.105,5.1
569-71-4390,Mandalay,Normal,Male,Sports and travel,2019-01-25,Ewallet,2.187,6.9
132-23-6451,Yangon,Member,Male,Health and beauty,2019-01-04,Cash,5.2425,7.8
696-90-2548,Yangon,Normal,Male,Sports and travel,2019-03-10,Ewallet,3.876,6.6
472-15-9636,Yangon,Normal,Male,Home and lifestyle,2019-03-22,Ewallet,20.372,9.2
268-03-6164,Mandalay,Normal,Male,Health and beauty,2019-01-25,Ewallet,4.8055,7.8
750-57-9686,Naypyidaw,Normal,Female,Home and lifestyle,2019-01-08,Credit card,9.076,8.7
186-09-3669,Naypyidaw,Member,Female,Health and beauty,2019-01-22,Ewallet,4.0755,9.2
848-07-1692,Mandalay,Normal,Female,Health and beauty,2019-01-12,Ewallet,5.722,8.3
745-71-3520,Yangon,Member,Female,Electronic accessories,2019-02-04,Cash,8.827,8.2
266-76-6436,Naypyidaw,Member,Female,Food and beverages,2019-03-28,Ewallet,5.79,7.5
740-22-2500,Naypyidaw,Normal,Female,Electronic accessories,2019-01-23,Cash,12.6075,9.8
271-88-8734,Naypyidaw,Member,Female,Fashion accessories,2019-02-08,Credit card,48.605,8.7
301-81-8610,Mandalay,Member,Male,Fashion accessories,2019-03-19,Credit card,10.168,6.7
489-64-4354,Naypyidaw,Normal,Male,Fashion accessories,2019-03-09,Cash,0.814,5.0
198-84-7132,Mandalay,Member,Male,Fashion accessories,2019-01-02,Cash,18.2745,7.0
269-10-8440,Yangon,Member,Male,Health and beauty,2019-01-21,Cash,18.6095,8.9
650-98-6268,Mandalay,Member,Female,Food and beverages,2019-03-20,Credit card,3.1305,8.0
741-73-3559,Mandalay,Normal,Male,Sports and travel,2019-02-27,Cash,16.8175,6.9
325-77-6186,Yangon,Member,Female,Home and lifestyle,2019-03-08,Ewallet,45.325,7.3
286-75-7818,Mandalay,Normal,Male,Fashion accessories,2019-01-31,Credit card,6.908,6.9
574-57-9721,Naypyidaw,Normal,Male,Food and beverages,2019-03-08,Ewallet,4.327,5.7
459-50-7686,Yangon,Normal,Female,Electronic accessories,2019-01-13,Ewallet,7.038,6.4
616-87-0016,Mandalay,Normal,Male,Fashion accessories,2019-03-09,Credit card,33.439,9.6
837-55-7229,Mandalay,Normal,Female,Fashion accessories,2019-02-22,Credit card,2.372,6.8
751-69-0068,Naypyidaw,Normal,Male,Sports and travel,2019-03-19,Ewallet,44.658,9.0
257-73-1380,Naypyidaw,Member,Male,Sports and travel,2019-01-20,Ewallet,16.586,9.6
345-08-4992,Yangon,Normal,Male,Home and lifestyle,2019-03-08,Credit card,10.197,7.7
549-96-4200,Naypyidaw,Member,Male,Food and beverages,2019-03-08,Ewallet,3.408,7.0
810-60-6344,Naypyidaw,Normal,Female,Electronic accessories,2019-02-07,Credit card,16.344,6.5
450-28-2866,Naypyidaw,Member,Male,Food and beverages,2019-01-15,Cash,4.36,8.1
394-30-3170,Mandalay,Member,Female,Sports and travel,2019-03-22,Credit card,35.372,4.3
138-17-5109,Yangon,Member,Female,Home and lifestyle,2019-01-15,Credit card,40.1445,6.5
192-98-7397,Naypyidaw,Normal,Male,Fashion accessories,2019-01-08,Ewallet,0.639,9.5
301-11-9629,Yangon,Normal,Female,Sports and travel,2019-01-15,Cash,6.685,9.7
390-80-5128,Mandalay,Member,Female,Health and beauty,2019-01-28,Credit card,0.9575,9.5
235-46-8343,Naypyidaw,Member,Male,Food and beverages,2019-02-14,Credit card,13.83,8.9
453-12-7053,Naypyidaw,Normal,Male,Fashion accessories,2019-03-10,Credit card,6.861,6.5
296-11-7041,Mandalay,Member,Female,Health and beauty,2019-01-12,Credit card,1.3535,5.3
449-27-2918,Mandalay,Member,Female,Sports and travel,2019-03-26,Credit card,1.956,9.6
891-01-7034,Mandalay,Normal,Female,Electronic accessories,2019-01-01,Cash,22.413,6.7
744-09-5786,Mandalay,Normal,Male,Electronic accessories,2019-01-02,Cash,6.603,7.6
727-17-0390,Yangon,Normal,Female,Food and beverages,2019-03-16,Ewallet,15.9025,4.8
568-88-3448,Yangon,Normal,Male,Health and beauty,2019-03-03,Ewallet,1.25,5.5
187-83-5490,Yangon,Member,Male,Electronic accessories,2019-01-31,Cash,4.154,4.7
767-54-1907,Mandalay,Member,Female,Fashion accessories,2019-02-13,Cash,7.39,6.9
710-46-4433,Mandalay,Member,Female,Food and beverages,2019-02-15,Credit card,34.83,4.5
533-33-5337,Mandalay,Normal,Male,Electronic accessories,2019-02-07,Cash,39.695,6.2
325-90-8763,Naypyidaw,Member,Female,Electronic accessories,2019-01-27,Cash,23.285,7.6
729-46-7422,Naypyidaw,Normal,Male,Food and beverages,2019-02-23,Credit card,1.7945,7.9
639-76-1242,Naypyidaw,Normal,Male,Food and beverages,2019-02-03,Cash,10.13,4.5
234-03-4040,Mandalay,Member,Female,Food and beverages,2019-03-03,Credit card,36.525,8.7
326-71-2155,Naypyidaw,Normal,Female,Sports and travel,2019-02-03,Cash,14.79,6.1
320-32-8842,Naypyidaw,Member,Female,Food and beverages,2019-03-17,Cash,1.131,6.4
470-32-9057,Yangon,Member,Male,Food and beverages,2019-03-28,Credit card,12.835,9.1
878-30-2331,Naypyidaw,Member,Female,Sports and travel,2019-03-02,Credit card,27.275,7.1
440-59-5691,Naypyidaw,Member,Female,Health and beauty,2019-02-08,Credit card,13.0025,7.7
554-53-3790,Mandalay,Normal,Male,Sports and travel,2019-03-22,Cash,11.106,4.5
746-19-0921,Naypyidaw,Normal,Male,Food and beverages,2019-02-09,Ewallet,1.079,7.2
233-34-0817,Naypyidaw,Member,Female,Electronic accessories,2019-02-15,Cash,4.942,8.4
767-05-1286,Naypyidaw,Member,Female,Home and lifestyle,2019-01-23,Ewallet,25.131,5.4
340-21-9136,Yangon,Member,Female,Sports and travel,2019-01-25,Cash,8.01,9.7
405-31-3305,Yangon,Member,Male,Fashion accessories,2019-02-02,Credit card,21.565,5.5
731-59-7531,Mandalay,Member,Male,Health and beauty,2019-03-30,Cash,29.028,4.6
676-39-6028,Yangon,Member,Female,Electronic accessories,2019-03-30,Cash,16.11,6.6
502-05-1910,Yangon,Normal,Male,Health and beauty,2019-02-25,Credit card,9.777,6.3
485-30-8700,Yangon,Normal,Female,Sports and travel,2019-03-18,Credit card,8.315,4.2
598-47-9715,Naypyidaw,Normal,Male,Electronic accessories,2019-03-07,Ewallet,16.814,4.4
701-69-8742,Mandalay,Normal,Male,Sports and travel,2019-03-16,Ewallet,17.185,6.7
575-67-1508,Yangon,Normal,Male,Electronic accessories,2019-01-29,Ewallet,1.93,6.7
541-08-3113,Naypyidaw,Normal,Male,Food and beverages,2019-02-02,Cash,26.388,8.4
246-11-3901,Naypyidaw,Normal,Female,Electronic accessories,2019-02-15,Cash,16.4,6.2
674-15-9296,Yangon,Normal,Male,Sports and travel,2019-01-08,Ewallet,9.285,5.0
305-18-3552,Mandalay,Member,Male,Home and lifestyle,2019-02-12,Cash,30.19,6.0
493-65-6248,Naypyidaw,Member,Female,Sports and travel,2019-01-01,Credit card,18.49,7.0
438-01-4015,Mandalay,Member,Female,Sports and travel,2019-03-21,Ewallet,9.898,6.6
709-58-4068,Mandalay,Normal,Female,Fashion accessories,2019-02-28,Cash,20.545,7.3
795-49-7276,Yangon,Normal,Male,Fashion accessories,2019-03-23,Ewallet,7.43,8.3
556-72-8512,Naypyidaw,Normal,Male,Home and lifestyle,2019-01-30,Cash,1.148,4.3
627-95-3243,Mandalay,Member,Female,Home and lifestyle,2019-02-04,Ewallet,34.956,9.8
686-41-0932,Mandalay,Normal,Female,Fashion accessories,2019-03-13,Ewallet,3.47,8.2
510-09-5628,Yangon,Member,Female,Fashion accessories,2019-03-15,Credit card,9.83,7.2
608-04-3797,Mandalay,Member,Female,Health and beauty,2019-03-05,Ewallet,10.128,8.7
148-82-2527,Naypyidaw,Member,Female,Home and lifestyle,2019-03-05,Credit card,6.06,8.4
437-53-3084,Mandalay,Normal,Male,Fashion accessories,2019-02-26,Ewallet,9.989,7.1
632-32-4574,Mandalay,Normal,Male,Sports and travel,2019-03-20,Cash,30.368,5.5
556-97-7101,Naypyidaw,Normal,Female,Electronic accessories,2019-01-01,Cash,6.322,8.5
862-59-8517,Naypyidaw,Normal,Female,Food and beverages,2019-01-27,Cash,27.072,6.2
401-18-8016,Mandalay,Member,Female,Sports and travel,2019-01-21,Cash,4.9065,8.9
420-18-8989,Yangon,Member,Female,Sports and travel,2019-02-02,Cash,20.608,9.6
277-63-2961,Mandalay,Member,Male,Sports and travel,2019-02-03,Credit card,3.6985,5.4
573-98-8548,Naypyidaw,Member,Female,Fashion accessories,2019-01-05,Ewallet,1.595,9.1
620-02-2046,Naypyidaw,Normal,Male,Home and lifestyle,2019-01-27,Ewallet,6.94,9.0
282-35-2475,Mandalay,Normal,Female,Sports and travel,2019-03-25,Cash,9.331,6.3
511-54-3087,Mandalay,Normal,Male,Sports and travel,2019-02-25,Credit card,4.4225,9.5
726-29-6793,Yangon,Member,Male,Electronic accessories,2019-01-28,Ewallet,9.672,9.8
387-49-4215,Mandalay,Member,Female,Sports and travel,2019-01-08,Cash,7.275,6.7
862-17-9201,Mandalay,Normal,Female,Food and beverages,2019-01-29,Credit card,25.215,7.7
291-21-5991,Mandalay,Member,Male,Health and beauty,2019-03-29,Cash,15.3225,7.0
602-80-9671,Naypyidaw,Member,Female,Home and lifestyle,2019-02-09,Credit card,4.785,5.1
347-72-6115,Mandalay,Member,Female,Sports and travel,2019-01-16,Credit card,31.759,6.2
209-61-0206,Yangon,Normal,Female,Home and lifestyle,2019-01-05,Ewallet,10.7275,6.1
595-27-4851,Yangon,Normal,Female,Fashion accessories,2019-01-27,Ewallet,18.998,9.3
189-52-0236,Yangon,Normal,Male,Electronic accessories,2019-03-14,Cash,34.8425,7.6
503-07-0930,Naypyidaw,Member,Male,Sports and travel,2019-02-23,Credit card,20.4365,8.2
413-20-6708,Naypyidaw,Member,Female,Fashion accessories,2019-03-18,Ewallet,2.5735,8.5
425-85-2085,Mandalay,Member,Male,Health and beauty,2019-03-29,Ewallet,13.715,9.8
521-18-7827,Naypyidaw,Member,Male,Home and lifestyle,2019-01-22,Credit card,9.8475,8.7
220-28-1851,Yangon,Normal,Male,Home and lifestyle,2019-03-01,Ewallet,3.473,9.7
600-38-9738,Naypyidaw,Member,Male,Sports and travel,2019-01-17,Credit card,17.98,4.3
734-91-1155,Mandalay,Normal,Female,Electronic accessories,2019-03-26,Credit card,6.8565,7.7
451-28-5717,Naypyidaw,Member,Female,Home and lifestyle,2019-03-20,Cash,24.951,7.3
609-81-8548,Yangon,Member,Female,Home and lifestyle,2019-02-06,Credit card,11.232,5.9
133-14-7229,Naypyidaw,Normal,Male,Health and beauty,2019-01-01,Cash,6.287,5.0
534-01-4457,Yangon,Normal,Male,Food and beverages,2019-01-27,Credit card,24.513,8.0
719-89-8991,Yangon,Member,Female,Sports and travel,2019-02-25,Ewallet,22.8525,7.1
286-62-6248,Mandalay,Normal,Male,Fashion accessories,2019-01-16,Credit card,7.842,9.0
339-38-9982,Mandalay,Member,Male,Fashion accessories,2019-01-13,Ewallet,5.986,6.7
827-44-5872,Mandalay,Member,Female,Food and beverages,2019-02-07,Credit card,27.18,6.1
827-77-7633,Yangon,Normal,Male,Sports and travel,2019-02-17,Cash,44.1405,9.3
287-83-1405,Yangon,Normal,Male,Health and beauty,2019-02-12,Ewallet,7.629,7.0
435-13-4908,Yangon,Member,Male,Fashion accessories,2019-01-24,Credit card,34.672,7.2
857-67-9057,Mandalay,Normal,Male,Electronic accessories,2019-02-06,Ewallet,11.475,8.2
236-27-1144,Naypyidaw,Normal,Female,Food and beverages,2019-03-26,Ewallet,7.3395,8.4
892-05-6689,Yangon,Normal,Female,Home and lifestyle,2019-03-11,Ewallet,7.08,6.2
583-41-4548,Naypyidaw,Normal,Male,Home and lifestyle,2019-02-07,Ewallet,5.8345,7.4
339-12-4827,Mandalay,Member,Female,Fashion accessories,2019-01-05,Credit card,3.698,5.0
643-38-7867,Yangon,Normal,Male,Home and lifestyle,2019-03-07,Ewallet,4.897,6.9
308-81-0538,Yangon,Normal,Female,Fashion accessories,2019-02-25,Credit card,14.61,4.9
358-88-9262,Naypyidaw,Member,Female,Food and beverages,2019-02-01,Ewallet,26.244,5.1
460-35-4390,Yangon,Normal,Male,Home and lifestyle,2019-01-22,Ewallet,4.602,9.1
343-87-0864,Naypyidaw,Member,Male,Health and beauty,2019-01-03,Credit card,3.794,7.1
173-50-1108,Mandalay,Member,Female,Sports and travel,2019-02-13,Credit card,4.036,5.0
243-47-2663,Naypyidaw,Member,Male,Electronic accessories,2019-01-28,Credit card,5.631,5.5
841-18-8232,Mandalay,Normal,Female,Food and beverages,2019-01-05,Credit card,3.56,9.2
701-23-5550,Mandalay,Member,Male,Home and lifestyle,2019-03-19,Ewallet,7.762,4.9
647-50-1224,Yangon,Normal,Female,Fashion accessories,2019-01-12,Ewallet,14.71,8.9
541-48-8554,Yangon,Normal,Male,Sports and travel,2019-01-07,Credit card,27.4275,6.0
539-21-7227,Mandalay,Normal,Female,Sports and travel,2019-01-26,Cash,12.885,4.2
213-32-1216,Yangon,Normal,Female,Electronic accessories,2019-01-23,Cash,19.818,7.3
747-58-7183,Mandalay,Normal,Male,Fashion accessories,2019-02-09,Ewallet,8.5905,6.5
582-52-8065,Mandalay,Normal,Female,Fashion accessories,2019-02-22,Cash,24.4395,8.9
210-57-1719,Mandalay,Normal,Female,Health and beauty,2019-02-05,Cash,26.208,9.7
399-69-4630,Naypyidaw,Normal,Male,Electronic accessories,2019-03-07,Credit card,6.663,8.6
134-75-2619,Yangon,Member,Male,Electronic accessories,2019-03-25,Cash,6.762,6.9
356-44-8813,Mandalay,Normal,Male,Home and lifestyle,2019-01-20,Credit card,5.622,7.7
198-66-9832,Mandalay,Member,Female,Fashion accessories,2019-02-04,Cash,7.204,9.5
283-26-5248,Naypyidaw,Member,Female,Food and beverages,2019-01-30,Ewallet,49.26,4.5
712-39-0363,Yangon,Member,Male,Food and beverages,2019-01-02,Ewallet,12.498,5.6
218-59-9410,Yangon,Member,Female,Home and lifestyle,2019-03-29,Ewallet,10.863,8.2
174-75-0888,Mandalay,Normal,Male,Electronic accessories,2019-03-14,Cash,9.711,7.3
866-99-7614,Naypyidaw,Normal,Male,Food and beverages,2019-02-11,Credit card,44.6,4.4
134-54-4720,Mandalay,Normal,Female,Electronic accessories,2019-01-30,Ewallet,16.968,5.7
760-90-2357,Yangon,Member,Male,Electronic accessories,2019-03-20,Ewallet,22.353,5.0
514-37-2845,Mandalay,Normal,Male,Fashion accessories,2019-03-20,Cash,9.925,9.0
698-98-5964,Yangon,Normal,Female,Food and beverages,2019-01-17,Credit card,40.605,6.3
718-57-9773,Naypyidaw,Normal,Female,Sports and travel,2019-02-03,Credit card,24.665,9.4
651-88-7328,Yangon,Normal,Female,Fashion accessories,2019-01-01,Cash,29.583,7.7
241-11-2261,Mandalay,Normal,Female,Fashion accessories,2019-01-10,Credit card,27.951,5.5
408-26-9866,Naypyidaw,Normal,Female,Sports and travel,2019-03-02,Ewallet,25.893,4.1
834-83-1826,Mandalay,Member,Female,Home and lifestyle,2019-02-25,Credit card,20.51,7.6
343-61-3544,Mandalay,Member,Male,Sports and travel,2019-01-29,Cash,13.335,8.6
239-48-4278,Yangon,Member,Male,Food and beverages,2019-03-10,Ewallet,3.5455,8.3
355-34-6244,Mandalay,Normal,Male,Food and beverages,2019-01-13,Credit card,7.239,8.1
550-84-8664,Yangon,Normal,Male,Sports and travel,2019-03-22,Credit card,21.4775,8.6
339-96-8318,Mandalay,Member,Male,Fashion accessories,2019-03-01,Ewallet,28.4585,6.3
458-61-0011,Mandalay,Normal,Male,Food and beverages,2019-02-20,Cash,12.06,5.8
592-34-6155,Naypyidaw,Normal,Male,Food and beverages,2019-01-14,Ewallet,6.354,6.2
797-88-0493,Yangon,Normal,Female,Health and beauty,2019-03-26,Cash,12.854,7.7
207-73-1363,Mandalay,Normal,Male,Health and beauty,2019-03-01,Ewallet,6.951,8.1
390-31-6381,Naypyidaw,Normal,Male,Food and beverages,2019-01-07,Cash,4.083,7.3
443-82-0585,Yangon,Member,Female,Health and beauty,2019-02-01,Cash,15.536,8.4
339-18-7061,Naypyidaw,Member,Female,Fashion accessories,2019-02-13,Credit card,9.298,8.0
359-90-3665,Mandalay,Member,Female,Fashion accessories,2019-01-14,Credit card,3.616,9.5
375-72-3056,Mandalay,Normal,Male,Sports and travel,2019-01-19,Ewallet,9.459,7.0
127-47-6963,Yangon,Normal,Male,Health and beauty,2019-03-09,Credit card,10.342,9.8
278-86-2735,Yangon,Normal,Female,Food and beverages,2019-03-27,Cash,7.851,9.2
695-28-6250,Yangon,Normal,Female,Sports and travel,2019-02-04,Ewallet,10.765,7.7
379-17-6588,Naypyidaw,Normal,Male,Fashion accessories,2019-03-14,Cash,29.805,5.3
227-50-3718,Yangon,Normal,Male,Health and beauty,2019-03-04,Cash,3.655,4.4
302-15-2162,Naypyidaw,Member,Male,Health and beauty,2019-03-03,Credit card,13.959,4.3
788-07-8452,Naypyidaw,Member,Female,Home and lifestyle,2019-01-27,Ewallet,8.484,9.4
560-49-6611,Yangon,Member,Female,Sports and travel,2019-02-07,Cash,2.279,9.8
880-35-0356,Yangon,Member,Female,Sports and travel,2019-02-05,Ewallet,11.28,4.8
585-11-6748,Mandalay,Member,Male,Sports and travel,2019-03-15,Cash,14.52,5.3
470-31-3286,Mandalay,Normal,Male,Health and beauty,2019-03-01,Credit card,2.223,8.7
152-68-2907,Yangon,Normal,Male,Food and beverages,2019-02-15,Credit card,7.83,9.5
123-35-4896,Naypyidaw,Normal,Female,Sports and travel,2019-02-17,Ewallet,20.997,5.3
258-69-7810,Naypyidaw,Normal,Female,Fashion accessories,2019-01-26,Cash,9.2125,9.2
334-64-2006,Yangon,Member,Female,Home and lifestyle,2019-03-24,Ewallet,7.032,9.6
219-61-4139,Naypyidaw,Normal,Male,Electronic accessories,2019-01-23,Ewallet,4.154,6.4
881-41-7302,Naypyidaw,Normal,Female,Fashion accessories,2019-01-26,Credit card,3.2495,4.5
373-09-4567,Naypyidaw,Normal,Male,Food and beverages,2019-03-14,Ewallet,38.78,6.9
642-30-6693,Mandalay,Normal,Female,Sports and travel,2019-03-17,Ewallet,16.353,7.8
484-22-8230,Naypyidaw,Member,Female,Fashion accessories,2019-01-08,Cash,18.1615,4.5
830-58-2383,Mandalay,Normal,Male,Home and lifestyle,2019-02-08,Cash,6.35,8.6
559-98-9873,Yangon,Member,Female,Fashion accessories,2019-02-10,Ewallet,18.7775,5.2
544-32-5024,Naypyidaw,Member,Female,Food and beverages,2019-03-28,Credit card,9.958,6.4
318-12-0304,Yangon,Normal,Male,Fashion accessories,2019-01-23,Ewallet,1.5305,5.2
349-97-8902,Mandalay,Member,Male,Food and beverages,2019-01-17,Ewallet,5.789,8.9
421-95-9805,Yangon,Normal,Female,Electronic accessories,2019-02-07,Credit card,1.448,6.2
277-35-5865,Naypyidaw,Member,Female,Food and beverages,2019-03-09,Cash,44.5365,6.7
789-23-8625,Mandalay,Member,Male,Fashion accessories,2019-01-24,Cash,13.983,7.2
284-54-4231,Naypyidaw,Member,Male,Sports and travel,2019-01-19,Credit card,4.0465,9.0
443-59-0061,Yangon,Member,Male,Food and beverages,2019-02-03,Ewallet,33.725,4.2
509-29-3912,Yangon,Member,Female,Sports and travel,2019-03-20,Ewallet,17.424,4.2
327-40-9673,Mandalay,Member,Male,Sports and travel,2019-01-13,Cash,21.78,6.9
840-19-2096,Naypyidaw,Member,Male,Electronic accessories,2019-03-14,Ewallet,21.9775,4.4
828-46-6863,Yangon,Member,Male,Food and beverages,2019-01-23,Credit card,29.559,4.0
641-96-3695,Naypyidaw,Member,Female,Fashion accessories,2019-02-07,Ewallet,13.038,8.5
420-97-3340,Yangon,Normal,Female,Food and beverages,2019-03-28,Credit card,10.752,9.2
436-54-4512,Yangon,Member,Female,Food and beverages,2019-03-20,Cash,4.5805,9.8
670-79-6321,Mandalay,Member,Female,Home and lifestyle,2019-01-17,Credit card,33.1065,4.9
852-62-7105,Mandalay,Normal,Female,Fashion accessories,2019-01-12,Credit card,41.625,4.4
598-06-7312,Mandalay,Member,Male,Fashion accessories,2019-02-16,Cash,4.5675,6.8
135-13-8269,Mandalay,Member,Female,Food and beverages,2019-01-26,Cash,7.888,9.1
816-57-2053,Yangon,Normal,Male,Sports and travel,2019-03-09,Ewallet,6.087,8.7
628-90-8624,Mandalay,Member,Male,Health and beauty,2019-03-14,Cash,41.29,5.0
856-66-2701,Yangon,Member,Male,Home and lifestyle,2019-01-25,Ewallet,7.995,7.5
308-39-1707,Yangon,Normal,Female,Fashion accessories,2019-01-26,Credit card,0.6045,8.2
149-61-1929,Yangon,Normal,Male,Sports and travel,2019-01-19,Credit card,32.095,6.7
655-07-2265,Yangon,Normal,Male,Electronic accessories,2019-03-05,Ewallet,11.7465,5.4
589-02-8023,Yangon,Member,Male,Food and beverages,2019-01-15,Credit card,8.377,7.0
420-04-7590,Mandalay,Normal,Male,Home and lifestyle,2019-03-18,Ewallet,14.955,4.7
182-88-2763,Mandalay,Member,Male,Food and beverages,2019-03-20,Credit card,11.9865,5.0
188-55-0967,Mandalay,Member,Male,Health and beauty,2019-01-15,Credit card,33.235,5.0
610-46-4100,Yangon,Normal,Male,Health and beauty,2019-03-03,Credit card,10.1325,6.0
318-81-2368,Naypyidaw,Normal,Female,Electronic accessories,2019-03-19,Cash,2.31,6.3
364-33-8584,Mandalay,Member,Female,Food and beverages,2019-03-08,Cash,4.4075,8.5
665-63-9737,Mandalay,Normal,Male,Fashion accessories,2019-02-27,Ewallet,7.863,7.5
695-09-5146,Mandalay,Member,Female,Food and beverages,2019-02-23,Ewallet,14.8185,6.4
155-45-3814,Naypyidaw,Member,Female,Electronic accessories,2019-03-19,Ewallet,35.42,4.7
794-32-2436,Mandalay,Member,Male,Electronic accessories,2019-03-27,Ewallet,5.567,6.0
131-15-8856,Naypyidaw,Member,Female,Food and beverages,2019-03-30,Credit card,29.008,4.0
273-84-2164,Naypyidaw,Member,Male,Electronic accessories,2019-02-16,Ewallet,3.0125,5.5
706-36-6154,Yangon,Member,Male,Home and lifestyle,2019-01-18,Ewallet,8.712,8.7
778-89-7974,Naypyidaw,Normal,Male,Health and beauty,2019-03-30,Cash,21.063,7.4
574-31-8277,Mandalay,Member,Male,Fashion accessories,2019-03-20,Cash,1.6815,5.6
859-71-0933,Naypyidaw,Member,Female,Sports and travel,2019-01-16,Cash,1.549,6.3
740-11-5257,Naypyidaw,Normal,Male,Electronic accessories,2019-02-24,Cash,12.37,7.1
369-82-2676,Mandalay,Normal,Male,Electronic accessories,2019-01-15,Ewallet,18.915,7.8
563-47-4072,Mandalay,Normal,Female,Health and beauty,2019-01-22,Cash,16.743,9.9
742-04-5161,Yangon,Member,Male,Home and lifestyle,2019-02-03,Cash,36.39,7.3
149-15-7606,Mandalay,Member,Male,Sports and travel,2019-03-06,Ewallet,16.794,5.1
133-77-3154,Mandalay,Member,Male,Fashion accessories,2019-02-16,Credit card,12.036,9.4
169-52-4504,Yangon,Normal,Female,Electronic accessories,2019-03-14,Credit card,2.3535,5.8
250-81-7186,Naypyidaw,Normal,Female,Electronic accessories,2019-02-27,Credit card,4.9845,8.0
562-12-5430,Yangon,Member,Female,Fashion accessories,2019-01-18,Ewallet,13.2225,7.9
816-72-8853,Yangon,Member,Female,Sports and travel,2019-01-29,Cash,6.9825,5.9
491-38-3499,Yangon,Member,Male,Fashion accessories,2019-02-26,Credit card,2.7725,4.9
322-02-2271,Mandalay,Normal,Female,Sports and travel,2019-02-03,Cash,6.4455,9.3
842-29-4695,Naypyidaw,Member,Male,Sports and travel,2019-01-16,Credit card,5.999,7.9
725-67-2480,Mandalay,Member,Female,Fashion accessories,2019-03-24,Credit card,17.625,5.9
641-51-2661,Naypyidaw,Member,Female,Food and beverages,2019-02-12,Credit card,43.55,9.9
714-02-3114,Naypyidaw,Normal,Female,Sports and travel,2019-02-21,Cash,9.88,7.7
518-17-2983,Yangon,Normal,Female,Fashion accessories,2019-02-04,Ewallet,9.726,7.6
779-42-2410,Mandalay,Member,Male,Food and beverages,2019-02-20,Ewallet,8.661,7.7
190-14-3147,Mandalay,Normal,Female,Health and beauty,2019-02-23,Ewallet,3.594,6.4
408-66-6712,Naypyidaw,Member,Female,Health and beauty,2019-02-16,Ewallet,14.313,4.4
679-22-6530,Mandalay,Normal,Female,Sports and travel,2019-01-17,Credit card,4.062,4.1
588-47-8641,Yangon,Member,Male,Fashion accessories,2019-01-14,Ewallet,28.02,4.4
642-61-4706,Mandalay,Member,Male,Food and beverages,2019-03-30,Cash,9.34,5.5
576-31-4774,Mandalay,Normal,Female,Health and beauty,2019-03-02,Ewallet,11.0115,4.0
556-41-6224,Naypyidaw,Normal,Male,Health and beauty,2019-02-15,Credit card,13.456,9.3
811-03-8790,Yangon,Normal,Female,Electronic accessories,2019-03-01,Credit card,22.74,4.8
242-11-3142,Mandalay,Member,Male,Fashion accessories,2019-02-24,Cash,8.377,4.6
752-23-3760,Mandalay,Member,Female,Sports and travel,2019-02-19,Credit card,22.428,7.3
274-05-5470,Yangon,Member,Female,Food and beverages,2019-02-23,Cash,14.694,6.0
648-94-3045,Naypyidaw,Normal,Male,Health and beauty,2019-02-07,Ewallet,29.475,8.1
130-67-4723,Yangon,Member,Male,Food and beverages,2019-01-11,Ewallet,14.55,9.4
528-87-5606,Mandalay,Member,Female,Electronic accessories,2019-02-12,Cash,1.974,6.5
320-85-2052,Mandalay,Normal,Female,Sports and travel,2019-01-14,Credit card,1.7405,7.0
370-96-0655,Naypyidaw,Normal,Female,Fashion accessories,2019-01-09,Ewallet,14.796,7.1
105-10-6182,Yangon,Member,Male,Fashion accessories,2019-02-27,Ewallet,2.148,6.6
510-79-0415,Mandalay,Member,Female,Sports and travel,2019-01-24,Ewallet,6.924,4.9
241-96-5076,Mandalay,Member,Female,Home and lifestyle,2019-01-08,Credit card,4.91,6.4
767-97-4650,Mandalay,Member,Female,Sports and travel,2019-01-08,Credit card,6.483,8.0
648-83-1321,Yangon,Member,Male,Home and lifestyle,2019-01-16,Cash,31.78,4.3
173-57-2300,Naypyidaw,Member,Male,Sports and travel,2019-03-13,Cash,7.288,6.1
305-03-2383,Yangon,Normal,Female,Food and beverages,2019-02-15,Cash,10.065,7.5
394-55-6384,Naypyidaw,Member,Female,Sports and travel,2019-01-25,Cash,31.5855,6.7
266-20-6657,Naypyidaw,Member,Male,Food and beverages,2019-03-12,Ewallet,19.264,5.2
689-05-1884,Yangon,Member,Male,Health and beauty,2019-03-04,Cash,24.315,8.8
196-01-2849,Naypyidaw,Member,Female,Fashion accessories,2019-02-10,Cash,25.683,9.5
372-62-5264,Naypyidaw,Normal,Female,Food and beverages,2019-01-16,Cash,23.67,7.6
800-09-8606,Yangon,Member,Female,Home and lifestyle,2019-01-29,Cash,21.8425,6.6
182-52-7000,Yangon,Member,Female,Sports and travel,2019-01-01,Ewallet,5.408,6.9
826-58-8051,Mandalay,Normal,Male,Home and lifestyle,2019-01-06,Ewallet,12.438,4.3
868-06-0466,Yangon,Member,Male,Electronic accessories,2019-02-19,Credit card,31.311,7.8
751-41-9720,Naypyidaw,Normal,Male,Home and lifestyle,2019-01-12,Ewallet,48.75,8.0
626-43-7888,Naypyidaw,Normal,Female,Fashion accessories,2019-02-07,Ewallet,24.164,9.6
176-64-7711,Mandalay,Normal,Male,Food and beverages,2019-03-27,Credit card,4.848,4.3
191-29-0321,Mandalay,Member,Female,Fashion accessories,2019-02-27,Credit card,9.885,5.0
729-06-2010,Mandalay,Member,Male,Health and beauty,2019-01-06,Cash,36.2115,9.2
640-48-5028,Mandalay,Member,Female,Home and lifestyle,2019-03-02,Cash,39.7755,6.3
186-79-9562,Mandalay,Normal,Male,Health and beauty,2019-03-29,Cash,25.1195,8.9
834-45-5519,Mandalay,Normal,Female,Electronic accessories,2019-01-31,Ewallet,8.6,7.6
162-65-8559,Naypyidaw,Member,Male,Food and beverages,2019-01-21,Cash,3.449,4.8
760-27-5490,Naypyidaw,Normal,Male,Fashion accessories,2019-01-20,Ewallet,6.248,9.1
445-30-9252,Yangon,Normal,Male,Sports and travel,2019-01-17,Ewallet,3.855,6.1
786-94-2700,Yangon,Member,Male,Food and beverages,2019-02-28,Cash,24.186,9.1
728-88-7867,Naypyidaw,Member,Female,Home and lifestyle,2019-03-19,Ewallet,15.106,8.3
183-21-3799,Naypyidaw,Normal,Female,Electronic accessories,2019-02-19,Ewallet,34.9335,7.2
268-20-3585,Naypyidaw,Normal,Female,Health and beauty,2019-02-04,Ewallet,6.2325,6.0
735-32-9839,Naypyidaw,Member,Male,Fashion accessories,2019-01-31,Ewallet,39.48,8.5
258-92-7466,Yangon,Normal,Female,Health and beauty,2019-02-06,Credit card,8.92,6.6
857-16-3520,Yangon,Member,Female,Fashion accessories,2019-03-28,Ewallet,25.011,4.5
482-17-1179,Yangon,Member,Male,Electronic accessories,2019-01-19,Credit card,1.791,8.1
788-21-5741,Yangon,Normal,Male,Fashion accessories,2019-02-17,Credit card,6.807,7.2
821-14-9046,Mandalay,Member,Female,Fashion accessories,2019-01-18,Credit card,5.244,6.1
418-05-0656,Mandalay,Normal,Female,Fashion accessories,2019-02-02,Cash,8.946,7.1
678-79-0726,Naypyidaw,Member,Female,Sports and travel,2019-01-18,Cash,40.7835,5.1
776-68-1096,Mandalay,Normal,Male,Home and lifestyle,2019-03-18,Credit card,6.618,7.9
592-46-1692,Naypyidaw,Member,Female,Food and beverages,2019-01-11,Cash,12.8695,7.4
434-35-9162,Mandalay,Member,Male,Food and beverages,2019-02-04,Ewallet,4.668,7.4
149-14-0304,Naypyidaw,Member,Female,Health and beauty,2019-02-06,Cash,11.4,6.6
442-44-6497,Naypyidaw,Member,Male,Home and lifestyle,2019-01-08,Credit card,8.3355,5.9
174-64-0215,Mandalay,Normal,Male,Sports and travel,2019-03-05,Credit card,34.87,8.9
210-74-9613,Naypyidaw,Normal,Male,Fashion accessories,2019-03-16,Ewallet,19.452,6.8
299-29-0180,Mandalay,Member,Female,Home and lifestyle,2019-03-09,Cash,18.263,9.3
247-11-2470,Yangon,Member,Female,Fashion accessories,2019-03-01,Credit card,4.464,4.4
635-28-5728,Yangon,Normal,Male,Health and beauty,2019-02-28,Ewallet,8.4,4.8
756-49-0168,Yangon,Member,Male,Fashion accessories,2019-02-08,Ewallet,0.985,9.5
438-23-1242,Mandalay,Normal,Male,Electronic accessories,2019-01-24,Ewallet,26.558,8.9
238-45-6950,Mandalay,Member,Male,Food and beverages,2019-03-01,Ewallet,2.686,6.4
607-65-2441,Naypyidaw,Member,Male,Health and beauty,2019-03-10,Credit card,40.975,6.0
386-27-7606,Naypyidaw,Member,Female,Home and lifestyle,2019-03-23,Credit card,28.42,8.1
137-63-5492,Naypyidaw,Normal,Male,Electronic accessories,2019-01-29,Ewallet,29.38,9.0
197-77-7132,Mandalay,Member,Male,Electronic accessories,2019-01-12,Ewallet,36.624,6.0
805-86-0265,Yangon,Normal,Male,Home and lifestyle,2019-03-20,Cash,42.282,9.8
733-29-1227,Naypyidaw,Normal,Male,Home and lifestyle,2019-03-23,Cash,19.4635,8.5
451-73-2711,Naypyidaw,Normal,Male,Food and beverages,2019-01-14,Ewallet,4.2415,8.8
373-14-0504,Yangon,Member,Female,Sports and travel,2019-02-12,Ewallet,7.163,8.8
546-80-2899,Yangon,Member,Male,Home and lifestyle,2019-02-20,Ewallet,3.769,9.5
345-68-9016,Naypyidaw,Member,Female,Sports and travel,2019-01-02,Credit card,12.668,5.6
390-17-5806,Naypyidaw,Member,Female,Food and beverages,2019-02-02,Cash,1.921,8.6
457-13-1708,Mandalay,Member,Male,Fashion accessories,2019-01-08,Credit card,32.615,5.2
664-14-2882,Naypyidaw,Member,Female,Home and lifestyle,2019-01-30,Credit card,2.6325,5.8
487-79-6868,Mandalay,Member,Female,Home and lifestyle,2019-03-26,Credit card,5.5305,8.0
314-23-4520,Naypyidaw,Member,Male,Health and beauty,2019-01-15,Cash,28.4305,9.0
210-30-7976,Mandalay,Member,Female,Fashion accessories,2019-03-14,Ewallet,4.464,4.1
585-86-8361,Yangon,Normal,Female,Food and beverages,2019-02-03,Credit card,6.82,8.6
807-14-7833,Yangon,Member,Female,Electronic accessories,2019-02-22,Ewallet,8.71,7.0
775-72-1988,Mandalay,Normal,Male,Home and lifestyle,2019-01-24,Ewallet,18.32,8.4
288-38-3758,Naypyidaw,Member,Female,Fashion accessories,2019-01-25,Ewallet,12.7305,7.4
652-43-6591,Yangon,Normal,Female,Fashion accessories,2019-03-09,Credit card,38.916,6.2
785-96-0615,Mandalay,Member,Female,Electronic accessories,2019-02-17,Ewallet,14.296,4.9
406-46-7107,Yangon,Normal,Female,Home and lifestyle,2019-01-11,Cash,28.956,4.5
250-17-5703,Yangon,Member,Male,Food and beverages,2019-02-27,Ewallet,9.425,5.6
156-95-3964,Yangon,Normal,Female,Food and beverages,2019-03-25,Ewallet,11.078,8.0
842-40-8179,Mandalay,Member,Female,Food and beverages,2019-02-11,Credit card,38.6,5.6
525-09-8450,Mandalay,Normal,Male,Electronic accessories,2019-01-31,Credit card,36.065,4.2
410-67-1709,Yangon,Member,Female,Fashion accessories,2019-01-20,Ewallet,25.552,9.9
587-73-4862,Yangon,Member,Female,Health and beauty,2019-03-26,Ewallet,2.6725,7.6
787-87-2010,Yangon,Member,Male,Health and beauty,2019-01-20,Credit card,11.1,6.6
593-14-4239,Mandalay,Normal,Female,Home and lifestyle,2019-03-05,Ewallet,38.184,4.7
801-88-0346,Naypyidaw,Normal,Female,Fashion accessories,2019-01-05,Credit card,11.409,9.8
388-76-2555,Mandalay,Normal,Male,Sports and travel,2019-02-13,Cash,4.107,6.3
711-31-1234,Mandalay,Normal,Female,Electronic accessories,2019-03-16,Cash,19.128,7.9
886-54-6089,Yangon,Normal,Female,Home and lifestyle,2019-01-15,Cash,3.429,7.7
707-32-7409,Mandalay,Member,Female,Sports and travel,2019-02-26,Ewallet,19.108,4.5
759-98-4285,Naypyidaw,Member,Female,Health and beauty,2019-02-27,Credit card,30.0545,8.0
201-63-8275,Naypyidaw,Member,Female,Sports and travel,2019-02-17,Ewallet,23.7965,5.7
471-06-8611,Naypyidaw,Normal,Female,Food and beverages,2019-02-06,Credit card,2.621,6.3
200-16-5952,Naypyidaw,Member,Male,Food and beverages,2019-01-17,Cash,6.565,6.0
120-54-2248,Mandalay,Normal,Female,Food and beverages,2019-01-22,Credit card,7.215,8.0
102-77-2261,Naypyidaw,Member,Male,Health and beauty,2019-03-05,Credit card,22.8585,4.2
875-31-8302,Mandalay,Normal,Male,Sports and travel,2019-01-03,Cash,4.669,9.6
102-06-2002,Naypyidaw,Member,Male,Sports and travel,2019-03-20,Cash,6.3125,6.1
457-94-0464,Mandalay,Member,Male,Electronic accessories,2019-01-31,Ewallet,39.5415,5.6
629-42-4133,Naypyidaw,Normal,Male,Health and beauty,2019-02-19,Cash,8.72,8.3
534-53-3526,Yangon,Normal,Female,Sports and travel,2019-02-11,Ewallet,18.952,7.8
307-04-2070,Yangon,Member,Female,Fashion accessories,2019-02-05,Credit card,1.531,4.1
468-99-7231,Naypyidaw,Normal,Female,Home and lifestyle,2019-03-03,Cash,17.604,8.8
516-77-6464,Naypyidaw,Member,Female,Health and beauty,2019-02-24,Ewallet,2.54,4.1
404-91-5964,Yangon,Normal,Male,Electronic accessories,2019-02-04,Credit card,26.103,9.0
886-77-9084,Naypyidaw,Normal,Male,Electronic accessories,2019-02-19,Ewallet,28.756,5.5
790-38-4466,Naypyidaw,Normal,Female,Health and beauty,2019-01-23,Credit card,2.7475,9.3
704-10-4056,Naypyidaw,Member,Male,Health and beauty,2019-01-14,Credit card,9.0705,5.6
497-37-6538,Yangon,Normal,Male,Sports and travel,2019-01-17,Ewallet,20.6185,9.7
651-96-5970,Yangon,Normal,Male,Fashion accessories,2019-03-03,Credit card,2.3205,4.0
400-80-4065,Naypyidaw,Member,Male,Health and beauty,2019-02-15,Credit card,13.71,9.2
744-16-7898,Mandalay,Normal,Female,Home and lifestyle,2019-01-15,Credit card,48.685,4.9
263-12-5321,Yangon,Member,Male,Electronic accessories,2019-02-27,Credit card,32.41,9.3
702-72-0487,Yangon,Normal,Female,Electronic accessories,2019-02-26,Credit card,4.661,6.6
605-83-1050,Mandalay,Normal,Male,Fashion accessories,2019-03-15,Ewallet,2.718,4.3
443-60-9639,Naypyidaw,Member,Female,Home and lifestyle,2019-01-24,Cash,3.0435,5.5
864-24-7918,Yangon,Member,Female,Sports and travel,2019-02-22,Cash,12.245,8.1
359-94-5395,Mandalay,Normal,Male,Health and beauty,2019-03-15,Credit card,4.639,9.8
401-09-4232,Naypyidaw,Member,Male,Home and lifestyle,2019-02-11,Ewallet,21.6725,9.4
751-15-6198,Mandalay,Normal,Male,Sports and travel,2019-01-12,Ewallet,6.903,7.9
324-41-6833,Naypyidaw,Member,Female,Electronic accessories,2019-03-03,Ewallet,12.08,5.1
474-33-8305,Naypyidaw,Member,Male,Fashion accessories,2019-03-23,Ewallet,23.5865,6.9
759-29-9521,Yangon,Member,Female,Fashion accessories,2019-03-04,Cash,22.032,8.0
831-81-6575,Mandalay,Member,Female,Electronic accessories,2019-02-23,Cash,34.0155,8.0
220-68-6701,Yangon,Normal,Female,Home and lifestyle,2019-03-17,Cash,15.494,4.2
618-34-8551,Yangon,Normal,Female,Sports and travel,2019-01-16,Credit card,9.318,8.5
257-60-7754,Yangon,Normal,Female,Electronic accessories,2019-01-08,Cash,10.046,9.0
559-61-5987,Mandalay,Normal,Female,Health and beauty,2019-01-14,Cash,0.8875,8.6
189-55-2313,Naypyidaw,Normal,Female,Fashion accessories,2019-01-31,Ewallet,31.09,6.0
565-91-4567,Mandalay,Normal,Male,Health and beauty,2019-03-15,Ewallet,4.3,6.2
380-60-5336,Yangon,Normal,Female,Electronic accessories,2019-02-24,Credit card,20.13,5.0
815-04-6282,Naypyidaw,Member,Female,Sports and travel,2019-02-08,Credit card,16.2425,6.5
674-56-6360,Yangon,Normal,Male,Electronic accessories,2019-03-22,Cash,4.7575,6.0
778-34-2523,Yangon,Member,Female,Electronic accessories,2019-01-24,Cash,19.448,5.0
499-27-7781,Mandalay,Normal,Female,Food and beverages,2019-03-14,Ewallet,21.284,5.0
477-59-2456,Naypyidaw,Normal,Female,Fashion accessories,2019-01-23,Cash,15.904,9.2
832-51-6761,Yangon,Normal,Male,Food and beverages,2019-01-19,Ewallet,13.552,9.6
869-11-3082,Mandalay,Member,Male,Health and beauty,2019-01-27,Credit card,19.232,8.4
190-59-3964,Mandalay,Member,Male,Food and beverages,2019-02-03,Credit card,11.79,6.0
366-43-6862,Mandalay,Normal,Male,Electronic accessories,2019-03-25,Ewallet,10.578,6.7
186-43-8965,Yangon,Member,Female,Home and lifestyle,2019-02-24,Credit card,4.768,4.1
784-21-9238,Naypyidaw,Member,Male,Sports and travel,2019-02-07,Cash,0.5085,5.9
276-75-6884,Yangon,Normal,Female,Health and beauty,2019-03-04,Cash,10.3065,8.7
109-86-4363,Mandalay,Member,Female,Sports and travel,2019-02-14,Credit card,21.028,4.5
569-76-2760,Yangon,Member,Female,Sports and travel,2019-01-29,Credit card,4.402,6.6
222-42-0244,Mandalay,Member,Female,Health and beauty,2019-01-28,Credit card,32.4495,7.7
760-53-9233,Yangon,Member,Male,Fashion accessories,2019-03-26,Credit card,6.192,8.5
538-22-0304,Naypyidaw,Normal,Male,Electronic accessories,2019-03-24,Cash,32.475,5.2
416-17-9926,Yangon,Member,Female,Electronic accessories,2019-01-01,Credit card,37.11,4.3
237-44-6163,Yangon,Normal,Male,Electronic accessories,2019-01-24,Cash,4.224,7.6
636-17-0325,Mandalay,Normal,Male,Health and beauty,2019-02-25,Cash,12.514,9.5
343-75-9322,Mandalay,Member,Female,Sports and travel,2019-01-09,Cash,4.74,4.1
528-14-9470,Yangon,Member,Male,Health and beauty,2019-02-14,Ewallet,4.565,9.2
427-45-9297,Mandalay,Member,Female,Home and lifestyle,2019-03-12,Ewallet,14.2555,5.4
807-34-3742,Yangon,Normal,Male,Fashion accessories,2019-03-26,Cash,2.619,5.8
288-62-1085,Yangon,Member,Male,Fashion accessories,2019-01-09,Ewallet,9.635,5.6
670-71-7306,Mandalay,Normal,Male,Sports and travel,2019-01-02,Credit card,13.389,5.1
660-29-7083,Naypyidaw,Normal,Male,Electronic accessories,2019-01-15,Cash,27.935,5.8
271-77-8740,Naypyidaw,Member,Female,Sports and travel,2019-01-01,Ewallet,8.766,5.0
497-36-0989,Yangon,Normal,Male,Fashion accessories,2019-02-15,Cash,7.791,7.9
291-59-1384,Mandalay,Normal,Male,Electronic accessories,2019-02-28,Cash,3.015,6.0
860-73-6466,Yangon,Member,Female,Sports and travel,2019-03-02,Credit card,3.947,5.0
549-23-9016,Naypyidaw,Member,Female,Food and beverages,2019-02-13,Credit card,1.487,8.9
896-34-0956,Yangon,Normal,Male,Fashion accessories,2019-01-26,Cash,1.066,5.9
804-38-3935,Yangon,Member,Male,Electronic accessories,2019-01-30,Credit card,14.067,5.9
585-90-0249,Yangon,Member,Male,Electronic accessories,2019-01-27,Ewallet,3.663,9.7
862-29-5914,Naypyidaw,Normal,Female,Sports and travel,2019-01-30,Credit card,1.119,8.6
845-94-6841,Naypyidaw,Member,Female,Food and beverages,2019-01-08,Cash,32.796,4.0
125-45-2293,Yangon,Normal,Female,Fashion accessories,2019-01-19,Cash,29.73,4.2
843-73-4724,Yangon,Normal,Male,Fashion accessories,2019-01-25,Cash,3.705,9.2
409-33-9708,Yangon,Normal,Female,Fashion accessories,2019-02-19,Ewallet,9.848,9.2
658-66-3967,Naypyidaw,Normal,Male,Health and beauty,2019-01-14,Ewallet,18.6165,5.0
866-70-2814,Mandalay,Normal,Female,Electronic accessories,2019-02-25,Ewallet,26.395,10.0
160-22-2687,Yangon,Member,Female,Health and beauty,2019-01-23,Ewallet,23.9875,8.8
895-03-6665,Mandalay,Normal,Female,Fashion accessories,2019-02-16,Cash,16.4295,4.2
770-42-8960,Mandalay,Normal,Male,Food and beverages,2019-01-01,Cash,8.448,6.3
748-45-2862,Yangon,Member,Female,Home and lifestyle,2019-03-07,Cash,5.662,8.2
234-36-2483,Mandalay,Normal,Male,Health and beauty,2019-02-15,Cash,17.277,5.1
316-66-3011,Yangon,Member,Female,Food and beverages,2019-01-23,Cash,21.4335,5.0
848-95-6252,Naypyidaw,Member,Female,Home and lifestyle,2019-02-20,Ewallet,4.3135,7.0
840-76-5966,Yangon,Member,Male,Sports and travel,2019-01-08,Ewallet,1.276,7.8
152-03-4217,Mandalay,Normal,Female,Home and lifestyle,2019-03-17,Credit card,5.076,4.3
533-66-5566,Mandalay,Normal,Female,Home and lifestyle,2019-01-12,Cash,17.8745,7.0
124-31-1458,Yangon,Member,Female,Electronic accessories,2019-01-08,Cash,11.9385,6.6
176-78-1170,Naypyidaw,Member,Male,Health and beauty,2019-01-26,Ewallet,5.0715,7.3
361-59-0574,Mandalay,Member,Male,Sports and travel,2019-03-15,Credit card,36.212,6.5
101-81-4070,Naypyidaw,Member,Female,Health and beauty,2019-01-17,Ewallet,6.282,4.9
631-34-1880,Naypyidaw,Member,Male,Food and beverages,2019-01-08,Credit card,3.6465,4.3
852-82-2749,Yangon,Normal,Male,Sports and travel,2019-01-06,Ewallet,12.918,9.3
873-14-6353,Yangon,Member,Male,Food and beverages,2019-02-16,Credit card,8.687,7.1
584-66-4073,Naypyidaw,Normal,Male,Fashion accessories,2019-03-13,Ewallet,2.825,9.6
544-55-9589,Mandalay,Member,Female,Electronic accessories,2019-01-28,Cash,10.715,6.2
166-19-2553,Yangon,Member,Male,Sports and travel,2019-01-18,Cash,26.718,9.9
737-88-5876,Yangon,Member,Male,Home and lifestyle,2019-03-19,Credit card,4.658,5.9
154-87-7367,Naypyidaw,Normal,Male,Home and lifestyle,2019-03-15,Ewallet,26.104,6.3
885-56-0389,Naypyidaw,Member,Male,Fashion accessories,2019-02-12,Cash,2.6175,4.0
608-05-3804,Mandalay,Member,Male,Electronic accessories,2019-02-25,Cash,1.9875,6.1
448-61-3783,Yangon,Normal,Female,Electronic accessories,2019-03-21,Credit card,36.008,4.5
761-49-0439,Mandalay,Member,Female,Electronic accessories,2019-01-19,Ewallet,4.84,8.6
490-95-0021,Mandalay,Member,Female,Food and beverages,2019-01-08,Ewallet,16.605,6.0
115-38-7388,Naypyidaw,Member,Female,Fashion accessories,2019-03-30,Credit card,4.072,9.5
311-13-6971,Mandalay,Member,Male,Sports and travel,2019-02-20,Credit card,15.995,9.9
291-55-6563,Yangon,Member,Female,Home and lifestyle,2019-03-30,Ewallet,10.326,7.5
548-48-3156,Yangon,Member,Female,Food and beverages,2019-03-19,Cash,8.334,7.6
460-93-5834,Yangon,Normal,Male,Sports and travel,2019-01-13,Cash,15.953,5.0
325-89-4209,Yangon,Member,Male,Food and beverages,2019-02-05,Ewallet,4.395,6.7
884-80-6021,Yangon,Member,Female,Electronic accessories,2019-03-23,Ewallet,36.735,9.5
137-74-8729,Naypyidaw,Normal,Female,Fashion accessories,2019-03-13,Ewallet,4.876,6.8
880-46-5796,Yangon,Member,Male,Sports and travel,2019-03-17,Ewallet,38.46,5.6
389-70-2397,Naypyidaw,Normal,Female,Health and beauty,2019-02-21,Cash,20.915,7.2
114-35-5271,Mandalay,Normal,Female,Electronic accessories,2019-02-07,Cash,23.164,8.1
607-76-6216,Naypyidaw,Member,Female,Fashion accessories,2019-03-02,Credit card,23.1225,8.6
715-20-1673,Mandalay,Normal,Male,Electronic accessories,2019-03-06,Cash,7.095,9.4
811-35-1094,Mandalay,Member,Male,Electronic accessories,2019-02-06,Credit card,15.135,8.9
699-88-1972,Mandalay,Normal,Male,Health and beauty,2019-01-28,Credit card,39.664,4.2
781-84-8059,Naypyidaw,Normal,Male,Fashion accessories,2019-01-18,Ewallet,21.259,5.0
409-49-6995,Naypyidaw,Member,Female,Food and beverages,2019-02-05,Cash,14.181,8.8
725-54-0677,Naypyidaw,Member,Male,Health and beauty,2019-03-02,Cash,29.96,5.3
146-09-5432,Yangon,Member,Male,Food and beverages,2019-02-09,Ewallet,15.768,4.6
377-79-7592,Naypyidaw,Member,Female,Electronic accessories,2019-01-14,Credit card,20.178,7.5
509-10-0516,Mandalay,Normal,Male,Home and lifestyle,2019-02-09,Ewallet,9.194,5.1
595-94-9924,Yangon,Member,Female,Health and beauty,2019-03-26,Credit card,6.9325,4.2
865-41-9075,Yangon,Normal,Male,Food and beverages,2019-01-28,Cash,4.0355,8.1
545-07-8534,Naypyidaw,Normal,Female,Health and beauty,2019-02-14,Ewallet,5.832,6.0
118-62-1812,Naypyidaw,Member,Female,Home and lifestyle,2019-03-24,Cash,15.676,7.9
450-42-3339,Naypyidaw,Normal,Male,Health and beauty,2019-02-09,Credit card,42.305,8.8
851-98-3555,Mandalay,Normal,Female,Health and beauty,2019-03-24,Credit card,20.72,6.6
186-71-5196,Yangon,Member,Female,Food and beverages,2019-03-27,Ewallet,7.954,6.2
624-01-8356,Mandalay,Normal,Female,Home and lifestyle,2019-01-27,Credit card,24.505,4.2
313-66-9943,Mandalay,Member,Female,Food and beverages,2019-03-27,Credit card,4.3725,7.3
151-27-8496,Naypyidaw,Normal,Female,Electronic accessories,2019-01-19,Ewallet,11.226,8.6
453-33-6436,Yangon,Normal,Female,Home and lifestyle,2019-02-07,Cash,37.248,6.8
522-57-8364,Yangon,Member,Male,Fashion accessories,2019-01-31,Ewallet,20.536,7.6
459-45-2396,Yangon,Member,Female,Food and beverages,2019-02-25,Cash,14.94,5.8
717-96-4189,Naypyidaw,Normal,Female,Electronic accessories,2019-02-02,Cash,10.647,4.1
722-13-2115,Naypyidaw,Member,Male,Sports and travel,2019-03-14,Credit card,2.1425,9.3
749-81-8133,Yangon,Normal,Female,Fashion accessories,2019-03-11,Cash,18.934,6.8
777-67-2495,Mandalay,Normal,Male,Home and lifestyle,2019-02-22,Ewallet,10.3455,8.7
636-98-3364,Mandalay,Member,Female,Electronic accessories,2019-03-02,Ewallet,3.939,6.3
246-55-6923,Naypyidaw,Member,Female,Home and lifestyle,2019-03-10,Credit card,16.1055,5.1
181-82-6255,Mandalay,Normal,Female,Home and lifestyle,2019-02-08,Cash,4.911,7.0
838-02-1821,Naypyidaw,Member,Female,Home and lifestyle,2019-02-22,Credit card,1.273,5.2
887-42-0517,Naypyidaw,Normal,Female,Sports and travel,2019-01-10,Credit card,29.099,6.6
457-12-0244,Naypyidaw,Member,Female,Sports and travel,2019-03-14,Ewallet,10.566,6.5
226-34-0034,Mandalay,Normal,Female,Electronic accessories,2019-01-10,Ewallet,2.756,9.0
321-49-7382,Mandalay,Member,Male,Sports and travel,2019-02-15,Credit card,4.4155,5.2
397-25-8725,Yangon,Member,Female,Health and beauty,2019-01-13,Credit card,17.829,6.8
431-66-2305,Mandalay,Normal,Female,Electronic accessories,2019-02-15,Credit card,39.7125,7.6
825-94-5922,Mandalay,Normal,Male,Sports and travel,2019-03-02,Ewallet,2.531,7.2
641-62-7288,Mandalay,Normal,Male,Home and lifestyle,2019-03-24,Ewallet,29.976,7.1
756-93-1854,Naypyidaw,Member,Female,Fashion accessories,2019-02-02,Credit card,8.335,9.5
243-55-8457,Yangon,Normal,Female,Food and beverages,2019-02-27,Ewallet,37.22,5.1
458-10-8612,Naypyidaw,Normal,Male,Health and beauty,2019-01-20,Ewallet,22.428,7.6
501-61-1753,Mandalay,Normal,Female,Home and lifestyle,2019-01-03,Ewallet,18.945,9.8
235-06-8510,Naypyidaw,Member,Male,Home and lifestyle,2019-01-24,Ewallet,12.858,5.1
433-08-7822,Naypyidaw,Normal,Female,Health and beauty,2019-01-05,Ewallet,27.6115,7.5
361-85-2571,Yangon,Normal,Female,Sports and travel,2019-03-30,Cash,22.37,7.4
131-70-8179,Yangon,Member,Female,Health and beauty,2019-02-17,Cash,13.8135,4.2
500-02-2261,Naypyidaw,Normal,Female,Food and beverages,2019-03-21,Ewallet,17.187,5.9
720-72-2436,Yangon,Normal,Male,Food and beverages,2019-03-02,Ewallet,13.304,6.9
702-83-5291,Naypyidaw,Member,Male,Fashion accessories,2019-03-27,Cash,44.919,6.6
809-69-9497,Yangon,Normal,Female,Home and lifestyle,2019-01-19,Ewallet,22.84,5.7
449-16-6770,Yangon,Normal,Male,Health and beauty,2019-02-19,Credit card,12.6975,5.3
333-23-2632,Yangon,Member,Male,Health and beauty,2019-03-28,Cash,3.528,4.2
489-82-1237,Yangon,Normal,Female,Electronic accessories,2019-01-05,Credit card,32.858,7.3
859-97-6048,Naypyidaw,Member,Male,Electronic accessories,2019-03-26,Credit card,8.425,5.3
676-10-2200,Mandalay,Member,Male,Fashion accessories,2019-02-03,Ewallet,2.689,4.7
373-88-1424,Naypyidaw,Member,Male,Home and lifestyle,2019-02-06,Ewallet,8.9525,7.9
365-16-4334,Mandalay,Normal,Female,Food and beverages,2019-02-24,Ewallet,10.572,8.9
503-21-4385,Mandalay,Member,Male,Health and beauty,2019-02-21,Ewallet,5.9865,9.3
305-89-2768,Mandalay,Member,Female,Home and lifestyle,2019-01-09,Ewallet,3.285,4.7
574-80-1489,Mandalay,Member,Female,Food and beverages,2019-02-25,Ewallet,12.57,8.7
784-08-0310,Naypyidaw,Member,Female,Food and beverages,2019-01-13,Cash,4.208,7.6
200-40-6154,Mandalay,Member,Male,Home and lifestyle,2019-02-09,Cash,19.773,5.7
846-10-0341,Yangon,Normal,Female,Fashion accessories,2019-01-06,Cash,14.8995,6.8
577-34-7579,Naypyidaw,Member,Male,Food and beverages,2019-01-10,Cash,22.7205,5.4
430-02-3888,Mandalay,Normal,Male,Electronic accessories,2019-02-07,Cash,13.806,7.1
867-47-1948,Naypyidaw,Normal,Female,Home and lifestyle,2019-01-09,Cash,7.9,7.8
384-59-6655,Yangon,Member,Female,Food and beverages,2019-02-19,Cash,44.397,8.4
256-58-3609,Naypyidaw,Member,Male,Fashion accessories,2019-03-18,Cash,4.599,9.8
324-92-3863,Yangon,Member,Male,Electronic accessories,2019-02-05,Cash,2.089,9.8
593-08-5916,Yangon,Normal,Female,Fashion accessories,2019-03-19,Credit card,0.775,7.4
364-34-2972,Naypyidaw,Member,Male,Electronic accessories,2019-03-30,Cash,14.523,6.7
794-42-3736,Mandalay,Normal,Male,Food and beverages,2019-01-26,Credit card,3.333,6.4
172-42-8274,Mandalay,Normal,Female,Electronic accessories,2019-03-02,Credit card,3.827,5.8
558-60-5016,Yangon,Normal,Female,Home and lifestyle,2019-03-04,Ewallet,14.985,7.2
195-06-0432,Yangon,Member,Male,Home and lifestyle,2019-01-13,Credit card,12.1515,9.3
605-03-2706,Yangon,Normal,Female,Health and beauty,2019-03-25,Cash,2.37,9.5
214-30-2776,Mandalay,Member,Female,Electronic accessories,2019-03-11,Credit card,8.6225,9.0
746-04-1077,Mandalay,Member,Female,Food and beverages,2019-01-01,Credit card,42.315,9.0
448-34-8700,Mandalay,Member,Male,Home and lifestyle,2019-02-10,Ewallet,12.9185,6.7
452-04-8808,Mandalay,Normal,Male,Electronic accessories,2019-01-26,Cash,30.478,5.5
531-56-4728,Yangon,Normal,Male,Home and lifestyle,2019-02-11,Cash,12.012,5.4
744-82-9138,Naypyidaw,Normal,Male,Fashion accessories,2019-02-07,Cash,8.613,8.2
883-69-1285,Mandalay,Member,Male,Fashion accessories,2019-03-06,Credit card,4.992,7.0
221-25-5073,Yangon,Normal,Female,Food and beverages,2019-03-04,Cash,14.932,8.5
518-71-6847,Mandalay,Member,Male,Food and beverages,2019-02-26,Ewallet,7.98,4.9
156-20-0370,Mandalay,Normal,Female,Electronic accessories,2019-03-10,Credit card,1.2725,5.1
151-33-7434,Mandalay,Normal,Female,Food and beverages,2019-02-04,Credit card,3.3885,6.5
728-47-9078,Naypyidaw,Member,Male,Food and beverages,2019-01-19,Cash,11.918,9.8
809-46-1866,Yangon,Normal,Male,Health and beauty,2019-01-23,Cash,11.63,8.4
139-32-4183,Yangon,Member,Female,Sports and travel,2019-03-14,Ewallet,43.866,7.4
148-41-7930,Naypyidaw,Normal,Male,Health and beauty,2019-01-23,Cash,34.986,6.1
189-40-5216,Naypyidaw,Normal,Male,Electronic accessories,2019-01-09,Cash,33.7295,6.0
374-38-5555,Mandalay,Normal,Female,Fashion accessories,2019-02-07,Ewallet,15.9275,8.5
764-44-8999,Mandalay,Normal,Female,Health and beauty,2019-02-18,Ewallet,1.476,4.3
552-44-5977,Mandalay,Member,Male,Health and beauty,2019-01-03,Credit card,24.8,6.2
267-62-7380,Naypyidaw,Member,Male,Electronic accessories,2019-03-29,Ewallet,41.17,4.3
430-53-4718,Mandalay,Member,Male,Health and beauty,2019-01-28,Credit card,30.148,8.4
886-18-2897,Yangon,Normal,Female,Food and beverages,2019-03-22,Credit card,14.14,4.5
602-16-6955,Mandalay,Normal,Female,Sports and travel,2019-01-24,Ewallet,38.3,6.0
745-74-0715,Yangon,Normal,Male,Electronic accessories,2019-03-10,Ewallet,5.803,8.8
690-01-6631,Mandalay,Normal,Male,Fashion accessories,2019-02-22,Ewallet,8.745,6.6
652-49-6720,Naypyidaw,Member,Female,Electronic accessories,2019-02-18,Ewallet,3.0475,5.9
233-67-5758,Naypyidaw,Normal,Male,Health and beauty,2019-01-29,Ewallet,2.0175,6.2
303-96-2227,Mandalay,Normal,Female,Home and lifestyle,2019-03-02,Ewallet,48.69,4.4
727-02-1313,Yangon,Member,Male,Food and beverages,2019-02-09,Cash,1.592,7.7
347-56-2442,Yangon,Normal,Male,Home and lifestyle,2019-02-22,Cash,3.291,4.1
849-09-3807,Yangon,Member,Female,Fashion accessories,2019-02-18,Cash,30.919,6.6
